hour,kwh,g11PricePlnKwh,g12PricePlnKwh,rdnPricePlnKwh,g11CostPln,g12CostPln,rdnCostPln,rdnPriceMissing
2026-07-20T00:00:00,1.0924,1.1,0.62,1.2641,1.2016,0.6773,1.3809,False
2026-07-20T01:00:00,0.4709,1.1,0.62,1.2248,0.5179,0.2919,0.5767,False
2026-07-20T02:00:00,0.7868,1.1,0.62,1.168,0.8655,0.4878,0.9191,False
2026-07-20T03:00:00,0.9497,1.1,0.62,1.1419,1.0447,0.5888,1.0845,False
2026-07-20T04:00:00,0.5463,1.1,0.62,1.1401,0.6009,0.3387,0.6228,False
2026-07-20T05:00:00,0.9638,1.1,0.62,1.1836,1.0602,0.5976,1.1408,False
2026-07-20T06:00:00,1.0381,1.1,1.25,1.2988,1.1419,1.2976,1.3483,False
2026-07-20T07:00:00,1.6446,1.1,1.25,1.3014,1.809,2.0557,2.1403,False
2026-07-20T08:00:00,0.7352,1.1,1.25,1.214,0.8088,0.919,0.8925,False
2026-07-20T09:00:00,0.4249,1.1,1.25,1.0455,0.4674,0.5312,0.4443,False
2026-07-20T10:00:00,1.2958,1.1,1.25,0.891,1.4254,1.6198,1.1546,False
2026-07-20T11:00:00,0.4454,1.1,1.25,0.7914,0.49,0.5568,0.3525,False
2026-07-20T12:00:00,0.7347,1.1,1.25,0.7834,0.8082,0.9184,0.5756,False
2026-07-20T13:00:00,0.7295,1.1,0.62,0.7238,0.8024,0.4523,0.528,False
2026-07-20T14:00:00,0.7095,1.1,0.62,0.7416,0.7804,0.4399,0.5261,False
2026-07-20T15:00:00,1.0198,1.1,1.25,0.9041,1.1218,1.2748,0.922,False
2026-07-20T16:00:00,0.9696,1.1,1.25,1.0216,1.0666,1.212,0.9906,False
2026-07-20T17:00:00,1.6946,1.1,1.25,1.1642,1.8641,2.1183,1.9728,False
2026-07-20T18:00:00,4.7752,1.1,1.25,1.3118,5.2527,5.969,6.2642,False
2026-07-20T19:00:00,3.6487,1.1,1.25,1.446,4.0136,4.5609,5.2761,False
2026-07-20T20:00:00,3.1625,1.1,1.25,1.5031,3.4788,3.9531,4.7536,False
2026-07-20T21:00:00,2.9139,1.1,1.25,1.4755,3.2052,3.6423,4.2995,False
2026-07-20T22:00:00,0.8874,1.1,0.62,1.4187,0.9761,0.5502,1.259,False
2026-07-20T23:00:00,1.0839,1.1,0.62,1.3391,1.1923,0.672,1.4515,False
2026-07-21T00:00:00,0.5322,1.1,0.62,1.2936,0.5854,0.3299,0.6884,False
2026-07-21T01:00:00,1.1789,1.1,0.62,1.2613,1.2968,0.7309,1.487,False
2026-07-21T02:00:00,0.571,1.1,0.62,1.2107,0.6281,0.354,0.6913,False
2026-07-21T03:00:00,0.5591,1.1,0.62,1.2058,0.615,0.3466,0.6741,False
2026-07-21T04:00:00,1.1259,1.1,0.62,1.2153,1.2385,0.6981,1.3683,False
2026-07-21T05:00:00,0.5453,1.1,0.62,1.2372,0.5998,0.3381,0.6746,False
2026-07-21T06:00:00,1.5837,1.1,1.25,1.3501,1.742,1.9796,2.1382,False
2026-07-21T07:00:00,1.0847,1.1,1.25,1.3578,1.1932,1.3559,1.4729,False
2026-07-21T08:00:00,0.764,1.1,1.25,1.2882,0.8404,0.955,0.9842,False
2026-07-21T09:00:00,1.0771,1.1,1.25,1.1358,1.1848,1.3463,1.2234,False
2026-07-21T10:00:00,0.5074,1.1,1.25,0.9942,0.5582,0.6343,0.5045,False
2026-07-21T11:00:00,0.9429,1.1,1.25,0.9009,1.0371,1.1786,0.8494,False
2026-07-21T12:00:00,0.7453,1.1,1.25,0.8098,0.8198,0.9316,0.6036,False
2026-07-21T13:00:00,0.4399,1.1,0.62,0.7569,0.4839,0.2727,0.333,False
2026-07-21T14:00:00,1.2192,1.1,0.62,0.7622,1.3411,0.7559,0.9293,False
2026-07-21T15:00:00,0.868,1.1,1.25,0.8381,0.9548,1.085,0.7275,False
2026-07-21T16:00:00,1.2766,1.1,1.25,0.9613,1.4042,1.5957,1.2271,False
2026-07-21T17:00:00,1.5748,1.1,1.25,1.121,1.7322,1.9684,1.7653,False
2026-07-21T18:00:00,4.3562,1.1,1.25,1.271,4.7918,5.4453,5.5368,False
2026-07-21T19:00:00,4.5308,1.1,1.25,1.3767,4.9839,5.6635,6.2377,False
2026-07-21T20:00:00,2.568,1.1,1.25,1.441,2.8248,3.2101,3.7006,False
2026-07-21T21:00:00,2.8365,1.1,1.25,1.4429,3.1201,3.5456,4.0926,False
2026-07-21T22:00:00,1.2646,1.1,0.62,1.4043,1.391,0.784,1.7758,False
2026-07-21T23:00:00,0.5111,1.1,0.62,1.3433,0.5622,0.3169,0.6865,False
2026-07-22T00:00:00,1.0008,1.1,0.62,1.3292,1.1009,0.6205,1.3303,False
2026-07-22T01:00:00,0.4525,1.1,0.62,1.2896,0.4978,0.2806,0.5836,False
2026-07-22T02:00:00,0.9238,1.1,0.62,1.2332,1.0162,0.5727,1.1392,False
2026-07-22T03:00:00,0.6933,1.1,0.62,1.2287,0.7626,0.4298,0.8518,False
2026-07-22T04:00:00,0.5058,1.1,0.62,1.2236,0.5564,0.3136,0.6189,False
2026-07-22T05:00:00,1.1443,1.1,0.62,1.2222,1.2587,0.7094,1.3985,False
2026-07-22T06:00:00,1.0591,1.1,1.25,1.3004,1.165,1.3239,1.3773,False
2026-07-22T07:00:00,1.3671,1.1,1.25,1.2862,1.5038,1.7088,1.7583,False
2026-07-22T08:00:00,0.8329,1.1,1.25,1.2121,0.9162,1.0412,1.0096,False
2026-07-22T09:00:00,0.7042,1.1,1.25,1.0231,0.7747,0.8803,0.7205,False
2026-07-22T10:00:00,0.9963,1.1,1.25,0.8315,1.096,1.2454,0.8285,False
2026-07-22T11:00:00,0.4956,1.1,1.25,0.6759,0.5451,0.6195,0.335,False
2026-07-22T12:00:00,0.7439,1.1,1.25,0.639,0.8183,0.9299,0.4754,False
2026-07-22T13:00:00,1.0309,1.1,0.62,0.6154,1.134,0.6392,0.6344,False
2026-07-22T14:00:00,0.4786,1.1,0.62,0.653,0.5264,0.2967,0.3125,False
2026-07-22T15:00:00,1.0993,1.1,1.25,0.8804,1.2092,1.3741,0.9678,False
2026-07-22T16:00:00,1.2732,1.1,1.25,1.028,1.4006,1.5915,1.3089,False
2026-07-22T17:00:00,1.2928,1.1,1.25,1.1228,1.422,1.616,1.4515,False
2026-07-22T18:00:00,4.9919,1.1,1.25,1.2705,5.4911,6.2399,6.3421,False
2026-07-22T19:00:00,3.7968,1.1,1.25,1.394,4.1765,4.746,5.2927,False
2026-07-22T20:00:00,3.2589,1.1,1.25,1.4177,3.5848,4.0736,4.6201,False
2026-07-22T21:00:00,2.7716,1.1,1.25,1.3918,3.0488,3.4645,3.8575,False
2026-07-22T22:00:00,0.8683,1.1,0.62,1.3264,0.9551,0.5383,1.1517,False
2026-07-22T23:00:00,1.1279,1.1,0.62,1.2654,1.2407,0.6993,1.4272,False
2026-07-23T00:00:00,0.5377,1.1,0.62,1.2554,0.5915,0.3334,0.675,False
2026-07-23T01:00:00,0.9683,1.1,0.62,1.2294,1.0652,0.6004,1.1904,False
2026-07-23T02:00:00,0.587,1.1,0.62,1.2075,0.6457,0.3639,0.7088,False
2026-07-23T03:00:00,0.6743,1.1,0.62,1.2037,0.7418,0.4181,0.8117,False
2026-07-23T04:00:00,0.9796,1.1,0.62,1.2124,1.0776,0.6074,1.1878,False
2026-07-23T05:00:00,0.5728,1.1,0.62,1.244,0.63,0.3551,0.7125,False
2026-07-23T06:00:00,1.5368,1.1,1.25,1.3275,1.6905,1.921,2.0401,False
2026-07-23T07:00:00,1.3572,1.1,1.25,1.3708,1.4929,1.6965,1.8604,False
2026-07-23T08:00:00,0.4621,1.1,1.25,1.3152,0.5084,0.5777,0.6078,False
2026-07-23T09:00:00,0.8956,1.1,1.25,1.1993,0.9852,1.1195,1.0741,False
2026-07-23T10:00:00,0.6397,1.1,1.25,1.1025,0.7037,0.7996,0.7053,False
2026-07-23T11:00:00,0.628,1.1,1.25,1.0607,0.6908,0.785,0.6662,False
2026-07-23T12:00:00,0.6985,1.1,1.25,1.0259,0.7684,0.8732,0.7166,False
2026-07-23T13:00:00,0.4523,1.1,0.62,0.9736,0.4975,0.2804,0.4403,False
2026-07-23T14:00:00,1.2412,1.1,0.62,0.9455,1.3653,0.7695,1.1735,False
2026-07-23T15:00:00,0.6376,1.1,1.25,0.9926,0.7013,0.797,0.6329,False
2026-07-23T16:00:00,1.2943,1.1,1.25,1.0591,1.4237,1.6179,1.3707,False
2026-07-23T17:00:00,1.7859,1.1,1.25,1.1216,1.9645,2.2323,2.0031,False
2026-07-23T18:00:00,4.2497,1.1,1.25,1.2625,4.6747,5.3121,5.3651,False
2026-07-23T19:00:00,4.2743,1.1,1.25,1.3233,4.7018,5.3429,5.6564,False
2026-07-23T20:00:00,2.639,1.1,1.25,1.4061,2.9029,3.2988,3.7107,False
2026-07-23T21:00:00,3.0654,1.1,1.25,1.399,3.372,3.8318,4.2886,False
2026-07-23T22:00:00,1.0148,1.1,0.62,1.3603,1.1163,0.6292,1.3805,False
2026-07-23T23:00:00,0.4517,1.1,0.62,1.3642,0.4968,0.28,0.6161,False
2026-07-24T00:00:00,1.2511,1.1,0.62,1.3854,1.3762,0.7757,1.7333,False
2026-07-24T01:00:00,0.5195,1.1,0.62,1.353,0.5715,0.3221,0.7029,False
2026-07-24T02:00:00,0.7533,1.1,0.62,1.3285,0.8286,0.467,1.0007,False
2026-07-24T03:00:00,0.8546,1.1,0.62,1.3195,0.9401,0.5299,1.1277,False
2026-07-24T04:00:00,0.7711,1.1,0.62,1.3263,0.8482,0.4781,1.0227,False
2026-07-24T05:00:00,1.0135,1.1,0.62,1.367,1.1149,0.6284,1.3856,False
2026-07-24T06:00:00,0.9696,1.1,1.25,1.4148,1.0666,1.212,1.3718,False
2026-07-24T07:00:00,1.4257,1.1,1.25,1.4017,1.5683,1.7822,1.9985,False
2026-07-24T08:00:00,0.9845,1.1,1.25,1.2937,1.083,1.2307,1.2737,False
2026-07-24T09:00:00,0.5135,1.1,1.25,1.1778,0.5648,0.6418,0.6048,False
2026-07-24T10:00:00,0.9971,1.1,1.25,1.0769,1.0968,1.2463,1.0737,False
2026-07-24T11:00:00,0.8254,1.1,1.25,0.9851,0.908,1.0318,0.8131,False
2026-07-24T12:00:00,0.4293,1.1,1.25,0.862,0.4723,0.5367,0.3701,False
2026-07-24T13:00:00,0.9701,1.1,0.62,0.7894,1.0671,0.6014,0.7657,False
2026-07-24T14:00:00,0.4499,1.1,0.62,0.7656,0.4948,0.2789,0.3444,False
2026-07-24T15:00:00,1.2468,1.1,1.25,0.9075,1.3715,1.5586,1.1315,False
2026-07-24T16:00:00,0.9856,1.1,1.25,1.0474,1.0842,1.2321,1.0324,False
2026-07-24T17:00:00,1.3084,1.1,1.25,1.1609,1.4392,1.6355,1.5189,False
2026-07-24T18:00:00,5.2477,1.1,1.25,1.3428,5.7725,6.5596,7.0464,False
2026-07-24T19:00:00,3.7096,1.1,1.25,1.5197,4.0805,4.637,5.6374,False
2026-07-24T20:00:00,3.2129,1.1,1.25,1.6631,3.5342,4.0161,5.3435,False
2026-07-24T21:00:00,2.7672,1.1,1.25,1.6683,3.0439,3.459,4.6164,False
2026-07-24T22:00:00,0.9332,1.1,0.62,1.5676,1.0266,0.5786,1.4629,False
2026-07-24T23:00:00,0.9619,1.1,0.62,1.4875,1.0581,0.5964,1.4309,False
2026-07-25T00:00:00,0.5393,1.1,0.62,1.4532,0.5932,0.3344,0.7837,False
2026-07-25T01:00:00,0.9615,1.1,0.62,1.3988,1.0577,0.5962,1.345,False
2026-07-25T02:00:00,0.6459,1.1,0.62,1.3899,0.7105,0.4005,0.8978,False
2026-07-25T03:00:00,0.5514,1.1,0.62,1.3591,0.6066,0.3419,0.7495,False
2026-07-25T04:00:00,0.8472,1.1,0.62,1.3402,0.932,0.5253,1.1355,False
2026-07-25T05:00:00,0.731,1.1,0.62,1.3231,0.8041,0.4532,0.9672,False
2026-07-25T06:00:00,1.1343,1.1,1.25,1.2876,1.2477,1.4179,1.4605,False
2026-07-25T07:00:00,1.427,1.1,1.25,1.176,1.5697,1.7837,1.6781,False
2026-07-25T08:00:00,0.5032,1.1,1.25,1.1195,0.5535,0.629,0.5633,False
2026-07-25T09:00:00,1.1118,1.1,1.25,0.7097,1.223,1.3898,0.7891,False
2026-07-25T10:00:00,0.4283,1.1,1.25,0.5509,0.4711,0.5353,0.2359,False
2026-07-25T11:00:00,0.7339,1.1,1.25,0.5315,0.8073,0.9174,0.39,False
2026-07-25T12:00:00,1.0581,1.1,1.25,0.5259,1.1639,1.3226,0.5565,False
2026-07-25T13:00:00,0.5359,1.1,0.62,0.5261,0.5895,0.3323,0.282,False
2026-07-25T14:00:00,0.8636,1.1,0.62,0.5277,0.95,0.5354,0.4557,False
2026-07-25T15:00:00,0.687,1.1,1.25,0.5489,0.7556,0.8587,0.377,False
2026-07-25T16:00:00,1.4482,1.1,1.25,0.7451,1.593,1.8102,1.079,False
2026-07-25T17:00:00,1.6074,1.1,1.25,1.1684,1.7682,2.0093,1.8781,False
2026-07-25T18:00:00,4.4791,1.1,1.25,1.263,4.927,5.5989,5.6572,False
2026-07-25T19:00:00,4.359,1.1,1.25,1.3913,4.7949,5.4488,6.0648,False
2026-07-25T20:00:00,2.5857,1.1,1.25,1.4287,2.8442,3.2321,3.694,False
2026-07-25T21:00:00,2.8579,1.1,1.25,1.4061,3.1437,3.5724,4.0186,False
2026-07-25T22:00:00,0.9841,1.1,0.62,1.3919,1.0825,0.6102,1.3698,False
2026-07-25T23:00:00,0.7075,1.1,0.62,1.3526,0.7782,0.4386,0.9569,False
2026-07-26T00:00:00,0.9787,1.1,0.62,1.3098,1.0765,0.6068,1.2819,False
2026-07-26T01:00:00,0.5087,1.1,0.62,1.2728,0.5596,0.3154,0.6475,False
2026-07-26T02:00:00,0.7117,1.1,0.62,1.2721,0.7829,0.4413,0.9054,False
2026-07-26T03:00:00,0.8499,1.1,0.62,1.3106,0.9349,0.5269,1.1139,False
2026-07-26T04:00:00,0.5121,1.1,0.62,1.2849,0.5633,0.3175,0.658,False
2026-07-26T05:00:00,1.049,1.1,0.62,1.2388,1.1539,0.6504,1.2995,False
2026-07-26T06:00:00,1.2504,1.1,1.25,1.1952,1.3755,1.563,1.4946,False
2026-07-26T07:00:00,1.1429,1.1,1.25,1.1143,1.2572,1.4286,1.2735,False
2026-07-26T08:00:00,0.9965,1.1,1.25,0.844,1.0961,1.2456,0.841,False
2026-07-26T09:00:00,0.4605,1.1,1.25,0.533,0.5066,0.5757,0.2454,False
2026-07-26T10:00:00,1.347,1.1,1.25,0.5307,1.4817,1.6837,0.7148,False
2026-07-26T11:00:00,0.6186,1.1,1.25,0.535,0.6805,0.7732,0.331,False
2026-07-26T12:00:00,0.4179,1.1,1.25,0.533,0.4596,0.5223,0.2227,False
2026-07-26T13:00:00,1.1486,1.1,0.62,0.5327,1.2634,0.7121,0.6118,False
2026-07-26T14:00:00,0.5202,1.1,0.62,0.5341,0.5723,0.3225,0.2779,False
2026-07-26T15:00:00,1.1171,1.1,1.25,0.5393,1.2288,1.3964,0.6025,False
2026-07-26T16:00:00,0.9793,1.1,1.25,0.6332,1.0772,1.2241,0.6201,False
2026-07-26T17:00:00,1.5347,1.1,1.25,1.1847,1.6881,1.9183,1.8181,False
2026-07-26T18:00:00,4.8571,1.1,1.25,1.2603,5.3428,6.0713,6.1216,False
2026-07-26T19:00:00,3.6322,1.1,1.25,1.324,3.9954,4.5403,4.809,False
2026-07-26T20:00:00,3.0405,1.1,1.25,1.366,3.3446,3.8006,4.1533,False
2026-07-26T21:00:00,2.9082,1.1,1.25,1.353,3.199,3.6352,3.9349,False
2026-07-26T22:00:00,0.789,1.1,0.62,1.3533,0.8679,0.4892,1.0678,False
2026-07-26T23:00:00,0.8919,1.1,0.62,1.293,0.9811,0.553,1.1533,False
2026-07-27T00:00:00,0.7972,1.1,0.62,1.1499,0.8769,0.4942,0.9167,False
2026-07-27T01:00:00,0.7726,1.1,0.62,1.1089,0.8498,0.479,0.8567,False
2026-07-27T02:00:00,0.7142,1.1,0.62,1.1072,0.7856,0.4428,0.7907,False
2026-07-27T03:00:00,0.5078,1.1,0.62,1.0813,0.5585,0.3148,0.5491,False
2026-07-27T04:00:00,1.1321,1.1,0.62,1.0771,1.2453,0.7019,1.2194,False
2026-07-27T05:00:00,0.4265,1.1,0.62,1.118,0.4691,0.2644,0.4768,False
2026-07-27T06:00:00,1.1966,1.1,1.25,1.2303,1.3163,1.4957,1.4722,False
2026-07-27T07:00:00,1.62,1.1,1.25,1.2808,1.782,2.025,2.075,False
2026-07-27T08:00:00,0.4467,1.1,1.25,1.2024,0.4914,0.5584,0.5371,False
2026-07-27T09:00:00,0.9173,1.1,1.25,1.0312,1.0091,1.1467,0.946,False
2026-07-27T10:00:00,0.501,1.1,1.25,0.8134,0.5511,0.6263,0.4075,False
2026-07-27T11:00:00,0.9299,1.1,1.25,0.7379,1.0229,1.1623,0.6862,False
2026-07-27T12:00:00,0.7505,1.1,1.25,0.639,0.8255,0.9381,0.4795,False
2026-07-27T13:00:00,0.4458,1.1,0.62,0.5752,0.4903,0.2764,0.2564,False
2026-07-27T14:00:00,1.2133,1.1,0.62,0.5584,1.3347,0.7523,0.6775,False
2026-07-27T15:00:00,0.6514,1.1,1.25,0.5657,0.7165,0.8142,0.3685,False
2026-07-27T16:00:00,1.1689,1.1,1.25,0.6453,1.2858,1.4611,0.7542,False
2026-07-27T17:00:00,1.5468,1.1,1.25,0.8605,1.7015,1.9335,1.331,False
2026-07-27T18:00:00,4.8255,1.1,1.25,1.1754,5.308,6.0318,5.6718,False
2026-07-27T19:00:00,4.1614,1.1,1.25,1.3634,4.5776,5.2018,5.6735,False
2026-07-27T20:00:00,2.7347,1.1,1.25,1.4635,3.0082,3.4184,4.0022,False
2026-07-27T21:00:00,2.8057,1.1,1.25,1.4902,3.0862,3.5071,4.1811,False
2026-07-27T22:00:00,1.3842,1.1,0.62,1.4357,1.5226,0.8582,1.9872,False
2026-07-27T23:00:00,0.3947,1.1,0.62,1.3507,0.4341,0.2447,0.5331,False
2026-07-28T00:00:00,0.843,1.1,0.62,1.3435,0.9273,0.5227,1.1326,False
2026-07-28T01:00:00,0.7245,1.1,0.62,1.2832,0.797,0.4492,0.9297,False
2026-07-28T02:00:00,0.5067,1.1,0.62,1.2434,0.5574,0.3142,0.63,False
2026-07-28T03:00:00,0.9979,1.1,0.62,1.2432,1.0977,0.6187,1.2405,False
2026-07-28T04:00:00,0.5167,1.1,0.62,1.2715,0.5683,0.3203,0.6569,False
2026-07-28T05:00:00,1.2303,1.1,0.62,1.2925,1.3534,0.7628,1.5902,False
2026-07-28T06:00:00,1.0218,1.1,1.25,1.3969,1.1239,1.2772,1.4273,False
2026-07-28T07:00:00,1.1075,1.1,1.25,1.3619,1.2183,1.3844,1.5083,False
2026-07-28T08:00:00,1.2387,1.1,1.25,1.1258,1.3626,1.5484,1.3945,False
2026-07-28T09:00:00,0.465,1.1,1.25,0.8894,0.5116,0.5813,0.4136,False
2026-07-28T10:00:00,0.7785,1.1,1.25,0.5676,0.8563,0.9731,0.4419,False
2026-07-28T11:00:00,0.5607,1.1,1.25,0.5366,0.6167,0.7008,0.3008,False
2026-07-28T12:00:00,0.745,1.1,1.25,0.5334,0.8196,0.9313,0.3974,False
2026-07-28T13:00:00,0.9905,1.1,0.62,0.5351,1.0896,0.6141,0.53,False
2026-07-28T14:00:00,0.5078,1.1,0.62,0.5281,0.5586,0.3148,0.2682,False
2026-07-28T15:00:00,1.0899,1.1,1.25,0.5513,1.1988,1.3623,0.6009,False
2026-07-28T16:00:00,1.333,1.1,1.25,0.7963,1.4663,1.6663,1.0614,False
2026-07-28T17:00:00,1.3183,1.1,1.25,1.1101,1.4501,1.6479,1.4634,False
2026-07-28T18:00:00,5.0923,1.1,1.25,1.3813,5.6015,6.3654,7.0341,False
2026-07-28T19:00:00,3.8612,1.1,1.25,1.588,4.2474,4.8265,6.1316,False
2026-07-28T20:00:00,2.8904,1.1,1.25,1.8144,3.1794,3.613,5.2443,False
2026-07-28T21:00:00,2.7588,1.1,1.25,1.7328,3.0347,3.4485,4.7805,False
2026-07-28T22:00:00,0.8076,1.1,0.62,1.561,0.8884,0.5007,1.2606,False
2026-07-28T23:00:00,1.1616,1.1,0.62,1.4688,1.2777,0.7202,1.706,False
2026-07-29T00:00:00,0.5335,1.1,0.62,1.3593,0.5868,0.3308,0.7252,False
2026-07-29T01:00:00,0.6837,1.1,0.62,1.318,0.752,0.4239,0.9011,False
2026-07-29T02:00:00,1.0348,1.1,0.62,1.2751,1.1383,0.6416,1.3195,False
2026-07-29T03:00:00,0.5622,1.1,0.62,1.2585,0.6184,0.3485,0.7075,False
2026-07-29T04:00:00,0.9613,1.1,0.62,1.2767,1.0574,0.596,1.2273,False
2026-07-29T05:00:00,0.601,1.1,0.62,1.2893,0.6611,0.3726,0.7748,False
2026-07-29T06:00:00,1.366,1.1,1.25,1.3031,1.5026,1.7076,1.7802,False
2026-07-29T07:00:00,1.2741,1.1,1.25,1.3096,1.4015,1.5926,1.6686,False
2026-07-29T08:00:00,0.4313,1.1,1.25,1.1792,0.4744,0.5391,0.5085,False
2026-07-29T09:00:00,1.2532,1.1,1.25,1.0908,1.3785,1.5665,1.3669,False
2026-07-29T10:00:00,0.5316,1.1,1.25,0.9653,0.5847,0.6644,0.5131,False
2026-07-29T11:00:00,0.7362,1.1,1.25,0.7536,0.8098,0.9202,0.5548,False
2026-07-29T12:00:00,0.7794,1.1,1.25,0.6884,0.8573,0.9743,0.5366,False
2026-07-29T13:00:00,0.6578,1.1,0.62,0.7281,0.7235,0.4078,0.479,False
2026-07-29T14:00:00,0.9135,1.1,0.62,0.8029,1.0048,0.5664,0.7335,False
2026-07-29T15:00:00,0.6662,1.1,1.25,1.0143,0.7329,0.8328,0.6758,False
2026-07-29T16:00:00,1.2167,1.1,1.25,1.0915,1.3384,1.5209,1.328,False
2026-07-29T17:00:00,1.8556,1.1,1.25,1.2248,2.0412,2.3195,2.2727,False
2026-07-29T18:00:00,4.5877,1.1,1.25,1.4464,5.0465,5.7347,6.6359,False
2026-07-29T19:00:00,4.082,1.1,1.25,1.8484,4.4902,5.1025,7.5453,False
2026-07-29T20:00:00,2.967,1.1,1.25,1.9116,3.2637,3.7088,5.6717,False
2026-07-29T21:00:00,2.6765,1.1,1.25,1.744,2.9442,3.3457,4.6678,False
2026-07-29T22:00:00,1.1947,1.1,0.62,1.5422,1.3141,0.7407,1.8424,False
2026-07-29T23:00:00,0.4046,1.1,0.62,1.3351,0.4451,0.2508,0.5402,False
2026-07-30T00:00:00,1.2452,1.1,0.62,1.3096,1.3698,0.772,1.6307,False
2026-07-30T01:00:00,0.5024,1.1,0.62,1.2934,0.5526,0.3115,0.6498,False
2026-07-30T02:00:00,0.5383,1.1,0.62,1.2759,0.5922,0.3338,0.6869,False
2026-07-30T03:00:00,1.1651,1.1,0.62,1.2573,1.2816,0.7223,1.4648,False
2026-07-30T04:00:00,0.4786,1.1,0.62,1.2546,0.5265,0.2968,0.6005,False
2026-07-30T05:00:00,0.9517,1.1,0.62,1.2541,1.0468,0.59,1.1935,False
2026-07-30T06:00:00,1.0569,1.1,1.25,1.3148,1.1626,1.3212,1.3896,False
2026-07-30T07:00:00,1.4183,1.1,1.25,1.2639,1.5601,1.7729,1.7925,False
2026-07-30T08:00:00,0.9623,1.1,1.25,1.1905,1.0585,1.2028,1.1455,False
2026-07-30T09:00:00,0.4617,1.1,1.25,1.0918,0.5079,0.5771,0.5041,False
2026-07-30T10:00:00,0.9574,1.1,1.25,0.8757,1.0531,1.1967,0.8384,False
2026-07-30T11:00:00,0.7878,1.1,1.25,0.6515,0.8666,0.9848,0.5133,False
2026-07-30T12:00:00,0.507,1.1,1.25,0.5676,0.5577,0.6338,0.2878,False
2026-07-30T13:00:00,0.9852,1.1,0.62,0.5803,1.0837,0.6108,0.5717,False
2026-07-30T14:00:00,0.8071,1.1,0.62,0.6595,0.8878,0.5004,0.5323,False
2026-07-30T15:00:00,0.9302,1.1,1.25,0.8841,1.0232,1.1627,0.8224,False
2026-07-30T16:00:00,1.253,1.1,1.25,1.1265,1.3783,1.5663,1.4115,False
2026-07-30T17:00:00,1.3248,1.1,1.25,1.2661,1.4573,1.656,1.6773,False
2026-07-30T18:00:00,5.2038,1.1,1.25,1.5499,5.7241,6.5047,8.0656,False
2026-07-30T19:00:00,3.6481,1.1,1.25,1.8922,4.013,4.5602,6.9032,False
2026-07-30T20:00:00,2.8786,1.1,1.25,1.9535,3.1665,3.5983,5.6233,False
2026-07-30T21:00:00,3.0767,1.1,1.25,1.6627,3.3844,3.8459,5.1157,False
2026-07-30T22:00:00,0.8432,1.1,0.62,1.4258,0.9275,0.5228,1.2021,False
2026-07-30T23:00:00,0.9375,1.1,0.62,1.2874,1.0312,0.5812,1.2069,False
2026-07-31T00:00:00,0.5193,1.1,0.62,1.3668,0.5712,0.322,0.7098,False
2026-07-31T01:00:00,0.9985,1.1,0.62,1.3651,1.0984,0.6191,1.3631,False
2026-07-31T02:00:00,0.721,1.1,0.62,1.3391,0.7931,0.447,0.9655,False
2026-07-31T03:00:00,0.5125,1.1,0.62,1.3387,0.5637,0.3177,0.686,False
2026-07-31T04:00:00,1.1813,1.1,0.62,1.331,1.2994,0.7324,1.5723,False
2026-07-31T05:00:00,0.5114,1.1,0.62,1.3212,0.5625,0.317,0.6756,False
2026-07-31T06:00:00,1.1964,1.1,1.25,1.3413,1.3161,1.4955,1.6048,False
2026-07-31T07:00:00,1.4066,1.1,1.25,1.3123,1.5472,1.7582,1.8459,False
2026-07-31T08:00:00,0.6412,1.1,1.25,1.2052,0.7053,0.8015,0.7728,False
2026-07-31T09:00:00,0.9617,1.1,1.25,1.1464,1.0579,1.2022,1.1026,False
2026-07-31T10:00:00,0.5124,1.1,1.25,1.069,0.5636,0.6405,0.5477,False
2026-07-31T11:00:00,0.6662,1.1,1.25,1.0005,0.7328,0.8328,0.6666,False
2026-07-31T12:00:00,0.9381,1.1,1.25,0.9037,1.032,1.1727,0.8478,False
2026-07-31T13:00:00,0.4684,1.1,0.62,0.9013,0.5153,0.2904,0.4222,False
2026-07-31T14:00:00,1.029,1.1,0.62,0.9571,1.1319,0.638,0.9848,False
2026-07-31T15:00:00,0.9005,1.1,1.25,1.0754,0.9906,1.1257,0.9684,False
2026-07-31T16:00:00,0.9573,1.1,1.25,1.186,1.053,1.1966,1.1354,False
2026-07-31T17:00:00,1.7431,1.1,1.25,1.3426,1.9174,2.1789,2.3404,False
2026-07-31T18:00:00,4.5371,1.1,1.25,1.6105,4.9908,5.6714,7.3068,False
2026-07-31T19:00:00,4.3152,1.1,1.25,2.151,4.7467,5.394,9.2822,False
2026-07-31T20:00:00,2.6844,1.1,1.25,2.1603,2.9529,3.3555,5.7991,False
2026-07-31T21:00:00,2.6888,1.1,1.25,1.7237,2.9577,3.361,4.6346,False
2026-07-31T22:00:00,1.6331,1.1,0.62,1.5461,1.7964,1.0125,2.5249,False
2026-07-31T23:00:00,0.5063,1.1,0.62,1.4232,0.5569,0.3139,0.7206,False
2026-08-01T00:00:00,0.8281,1.1,0.62,1.3986,0.9109,0.5134,1.1581,False
2026-08-01T01:00:00,0.5275,1.1,0.62,1.3503,0.5802,0.327,0.7122,False
2026-08-01T02:00:00,0.6633,1.1,0.62,1.3384,0.7296,0.4112,0.8877,False
2026-08-01T03:00:00,0.9989,1.1,0.62,1.3224,1.0988,0.6193,1.321,False
2026-08-01T04:00:00,0.4158,1.1,0.62,1.3175,0.4574,0.2578,0.5478,False
2026-08-01T05:00:00,0.9172,1.1,0.62,1.3205,1.0089,0.5686,1.2111,False
2026-08-01T06:00:00,1.2429,1.1,1.25,1.2961,1.3672,1.5537,1.6109,False
2026-08-01T07:00:00,1.0901,1.1,1.25,1.2664,1.1991,1.3626,1.3805,False
2026-08-01T08:00:00,0.9707,1.1,1.25,1.2179,1.0677,1.2133,1.1822,False
2026-08-01T09:00:00,0.7012,1.1,1.25,1.1592,0.7714,0.8766,0.8129,False
2026-08-01T10:00:00,0.8182,1.1,1.25,1.1297,0.9,1.0227,0.9243,False
2026-08-01T11:00:00,0.7706,1.1,1.25,1.0781,0.8476,0.9632,0.8308,False
2026-08-01T12:00:00,0.4597,1.1,1.25,1.0688,0.5057,0.5747,0.4914,False
2026-08-01T13:00:00,1.2069,1.1,0.62,1.0725,1.3276,0.7483,1.2944,False
2026-08-01T14:00:00,0.4889,1.1,0.62,1.0762,0.5378,0.3031,0.5262,False
2026-08-01T15:00:00,0.906,1.1,1.25,1.1087,0.9966,1.1325,1.0045,False
2026-08-01T16:00:00,1.387,1.1,1.25,1.1285,1.5257,1.7337,1.5652,False
2026-08-01T17:00:00,1.3263,1.1,1.25,1.1802,1.4589,1.6579,1.5653,False
2026-08-01T18:00:00,4.7338,1.1,1.25,1.2825,5.2071,5.9172,6.0709,False
2026-08-01T19:00:00,3.8264,1.1,1.25,1.4237,4.209,4.783,5.4477,False
2026-08-01T20:00:00,3.067,1.1,1.25,1.4692,3.3737,3.8337,4.506,False
2026-08-01T21:00:00,3.0496,1.1,1.25,1.4318,3.3545,3.8119,4.3665,False
2026-08-01T22:00:00,0.9284,1.1,0.62,1.4042,1.0213,0.5756,1.3037,False
2026-08-01T23:00:00,1.2555,1.1,0.62,1.3672,1.381,0.7784,1.7165,False
2026-08-02T00:00:00,0.5481,1.1,0.62,1.3983,0.6029,0.3398,0.7664,False
2026-08-02T01:00:00,0.7398,1.1,0.62,1.3562,0.8138,0.4587,1.0034,False
2026-08-02T02:00:00,0.7736,1.1,0.62,1.3406,0.851,0.4796,1.0371,False
2026-08-02T03:00:00,0.6164,1.1,0.62,1.3295,0.6781,0.3822,0.8195,False
2026-08-02T04:00:00,1.0001,1.1,0.62,1.3266,1.1001,0.62,1.3267,False
2026-08-02T05:00:00,0.5521,1.1,0.62,1.33,0.6073,0.3423,0.7343,False
2026-08-02T06:00:00,1.2581,1.1,1.25,1.2959,1.3839,1.5726,1.6304,False
2026-08-02T07:00:00,1.6692,1.1,1.25,1.2323,1.8361,2.0865,2.057,False
2026-08-02T08:00:00,0.514,1.1,1.25,1.1375,0.5654,0.6425,0.5847,False
2026-08-02T09:00:00,1.0523,1.1,1.25,0.857,1.1576,1.3154,0.9018,False
2026-08-02T10:00:00,0.6637,1.1,1.25,0.5851,0.7301,0.8296,0.3884,False
2026-08-02T11:00:00,0.5179,1.1,1.25,0.5426,0.5697,0.6474,0.281,False
2026-08-02T12:00:00,0.9894,1.1,1.25,0.5379,1.0884,1.2368,0.5322,False
2026-08-02T13:00:00,0.5552,1.1,0.62,0.5351,0.6107,0.3442,0.2971,False
2026-08-02T14:00:00,1.2068,1.1,0.62,0.5383,1.3275,0.7482,0.6497,False
2026-08-02T15:00:00,0.6958,1.1,1.25,0.5559,0.7654,0.8698,0.3868,False
2026-08-02T16:00:00,1.035,1.1,1.25,0.8018,1.1385,1.2938,0.8298,False
2026-08-02T17:00:00,2.0878,1.1,1.25,1.1241,2.2966,2.6098,2.3468,False
2026-08-02T18:00:00,4.3916,1.1,1.25,1.2902,4.8307,5.4895,5.6661,False
2026-08-02T19:00:00,4.1376,1.1,1.25,1.4641,4.5514,5.1721,6.0579,False
2026-08-02T20:00:00,2.7454,1.1,1.25,1.4947,3.0199,3.4317,4.1034,False
2026-08-02T21:00:00,2.8771,1.1,1.25,1.4514,3.1648,3.5964,4.1757,False
2026-08-02T22:00:00,1.2759,1.1,0.62,1.4302,1.4035,0.7911,1.8248,False
2026-08-02T23:00:00,0.5178,1.1,0.62,1.3042,0.5696,0.321,0.6753,False
2026-08-03T00:00:00,0.9458,1.1,0.62,1.2871,1.0404,0.5864,1.2174,False
2026-08-03T01:00:00,0.7413,1.1,0.62,1.2552,0.8155,0.4596,0.9305,False
2026-08-03T02:00:00,0.5859,1.1,0.62,1.2227,0.6444,0.3632,0.7163,False
2026-08-03T03:00:00,0.9593,1.1,0.62,1.223,1.0553,0.5948,1.1732,False
2026-08-03T04:00:00,0.6598,1.1,0.62,1.226,0.7258,0.4091,0.809,False
2026-08-03T05:00:00,0.7856,1.1,0.62,1.2675,0.8641,0.4871,0.9957,False
2026-08-03T06:00:00,1.2037,1.1,1.25,1.3786,1.3241,1.5047,1.6595,False
2026-08-03T07:00:00,1.1439,1.1,1.25,1.375,1.2582,1.4298,1.5728,False
2026-08-03T08:00:00,1.2772,1.1,1.25,1.2434,1.4049,1.5965,1.5881,False
2026-08-03T09:00:00,0.4953,1.1,1.25,1.1684,0.5449,0.6192,0.5787,False
2026-08-03T10:00:00,0.6969,1.1,1.25,1.0166,0.7665,0.8711,0.7084,False
2026-08-03T11:00:00,0.9531,1.1,1.25,0.8541,1.0484,1.1913,0.814,False
2026-08-03T12:00:00,0.5118,1.1,1.25,0.7078,0.5629,0.6397,0.3622,False
2026-08-03T13:00:00,0.9617,1.1,0.62,0.6899,1.0578,0.5962,0.6635,False
2026-08-03T14:00:00,0.5558,1.1,0.62,0.8128,0.6114,0.3446,0.4517,False
2026-08-03T15:00:00,1.0592,1.1,1.25,1.0099,1.1651,1.324,1.0696,False
2026-08-03T16:00:00,1.3195,1.1,1.25,1.0932,1.4514,1.6493,1.4424,False
2026-08-03T17:00:00,1.4899,1.1,1.25,1.2453,1.6389,1.8623,1.8554,False
2026-08-03T18:00:00,5.1113,1.1,1.25,1.5812,5.6224,6.3891,8.082,False
2026-08-03T19:00:00,3.7065,1.1,1.25,2.0911,4.0771,4.6331,7.7508,False
2026-08-03T20:00:00,2.7809,1.1,1.25,1.9424,3.059,3.4761,5.4016,False
2026-08-03T21:00:00,2.8795,1.1,1.25,1.6633,3.1675,3.5994,4.7896,False
2026-08-03T22:00:00,0.9687,1.1,0.62,1.4392,1.0656,0.6006,1.3942,False
2026-08-03T23:00:00,0.9132,1.1,0.62,1.3416,1.0046,0.5662,1.2252,False
2026-08-04T00:00:00,0.5888,1.1,0.62,1.2547,0.6476,0.365,0.7387,False
2026-08-04T01:00:00,0.7059,1.1,0.62,1.2465,0.7765,0.4377,0.8799,False
2026-08-04T02:00:00,0.9982,1.1,0.62,1.2287,1.098,0.6189,1.2264,False
2026-08-04T03:00:00,0.4842,1.1,0.62,1.2239,0.5326,0.3002,0.5926,False
2026-08-04T04:00:00,0.8702,1.1,0.62,1.2406,0.9573,0.5396,1.0797,False
2026-08-04T05:00:00,0.6516,1.1,0.62,1.279,0.7168,0.404,0.8334,False
2026-08-04T06:00:00,1.0721,1.1,1.25,1.3685,1.1793,1.3401,1.4671,False
2026-08-04T07:00:00,1.6057,1.1,1.25,1.311,1.7662,2.0071,2.105,False
2026-08-04T08:00:00,0.3984,1.1,1.25,1.1683,0.4382,0.498,0.4654,False
2026-08-04T09:00:00,1.2317,1.1,1.25,1.1119,1.3549,1.5397,1.3696,False
2026-08-04T10:00:00,0.5184,1.1,1.25,1.087,0.5702,0.648,0.5635,False
2026-08-04T11:00:00,0.5175,1.1,1.25,1.0483,0.5692,0.6469,0.5425,False
2026-08-04T12:00:00,1.2755,1.1,1.25,0.9355,1.4031,1.5944,1.1932,False
2026-08-04T13:00:00,0.5228,1.1,0.62,0.888,0.5751,0.3241,0.4643,False
2026-08-04T14:00:00,0.99,1.1,0.62,0.9711,1.089,0.6138,0.9614,False
2026-08-04T15:00:00,0.651,1.1,1.25,1.0526,0.7161,0.8138,0.6853,False
2026-08-04T16:00:00,1.2142,1.1,1.25,1.164,1.3356,1.5178,1.4133,False
2026-08-04T17:00:00,1.8056,1.1,1.25,1.3756,1.9861,2.2569,2.4838,False
2026-08-04T18:00:00,4.3901,1.1,1.25,1.9793,4.8292,5.4877,8.6896,False
2026-08-04T19:00:00,4.0574,1.1,1.25,2.7312,4.4631,5.0718,11.0816,False
2026-08-04T20:00:00,2.9471,1.1,1.25,2.6465,3.2418,3.6839,7.7994,False
2026-08-04T21:00:00,2.5656,1.1,1.25,1.962,2.8222,3.207,5.0338,False
2026-08-04T22:00:00,1.3002,1.1,0.62,1.4481,1.4302,0.8061,1.8828,False
2026-08-04T23:00:00,0.7572,1.1,0.62,1.2779,0.833,0.4695,0.9677,False
2026-08-05T00:00:00,0.7354,1.1,0.62,1.3363,0.8089,0.4559,0.9827,False
2026-08-05T01:00:00,0.7217,1.1,0.62,1.2982,0.7939,0.4475,0.9369,False
2026-08-05T02:00:00,0.53,1.1,0.62,1.2667,0.583,0.3286,0.6713,False
2026-08-05T03:00:00,1.134,1.1,0.62,1.2635,1.2474,0.7031,1.4328,False
2026-08-05T04:00:00,0.4831,1.1,0.62,1.2663,0.5315,0.2996,0.6118,False
2026-08-05T05:00:00,0.6901,1.1,0.62,1.303,0.7591,0.4279,0.8992,False
2026-08-05T06:00:00,1.5236,1.1,1.25,1.3366,1.6759,1.9045,2.0364,False
2026-08-05T07:00:00,1.1209,1.1,1.25,1.3073,1.233,1.4011,1.4654,False
2026-08-05T08:00:00,0.8744,1.1,1.25,1.2208,0.9618,1.093,1.0675,False
2026-08-05T09:00:00,0.5582,1.1,1.25,1.1123,0.614,0.6977,0.6208,False
2026-08-05T10:00:00,0.9166,1.1,1.25,0.9294,1.0083,1.1458,0.8519,False
2026-08-05T11:00:00,0.7541,1.1,1.25,0.7103,0.8295,0.9426,0.5356,False
2026-08-05T12:00:00,0.4765,1.1,1.25,0.5633,0.5242,0.5956,0.2684,False
2026-08-05T13:00:00,1.1109,1.1,0.62,0.5925,1.222,0.6887,0.6582,False
2026-08-05T14:00:00,0.5501,1.1,0.62,0.7715,0.6051,0.3411,0.4244,False
2026-08-05T15:00:00,0.9216,1.1,1.25,1.0033,1.0137,1.152,0.9246,False
2026-08-05T16:00:00,1.2089,1.1,1.25,1.1447,1.3298,1.5111,1.3839,False
2026-08-05T17:00:00,1.4863,1.1,1.25,1.3181,1.6349,1.8579,1.959,False
2026-08-05T18:00:00,5.0619,1.1,1.25,1.8902,5.5681,6.3274,9.5681,False
2026-08-05T19:00:00,3.7508,1.1,1.25,2.79,4.1259,4.6885,10.4647,False
2026-08-05T20:00:00,2.8319,1.1,1.25,2.723,3.1151,3.5398,7.7112,False
2026-08-05T21:00:00,3.1676,1.1,1.25,2.2459,3.4844,3.9595,7.1143,False
2026-08-05T22:00:00,0.7825,1.1,0.62,1.7348,0.8608,0.4852,1.3576,False
2026-08-05T23:00:00,0.9802,1.1,0.62,1.426,1.0783,0.6077,1.3978,False
2026-08-06T00:00:00,0.6717,1.1,0.62,1.3857,0.7388,0.4164,0.9307,False
2026-08-06T01:00:00,0.48,1.1,0.62,1.3344,0.528,0.2976,0.6405,False
2026-08-06T02:00:00,0.9965,1.1,0.62,1.3136,1.0962,0.6178,1.309,False
2026-08-06T03:00:00,0.4507,1.1,0.62,1.2969,0.4958,0.2794,0.5845,False
2026-08-06T04:00:00,1.0137,1.1,0.62,1.2938,1.1151,0.6285,1.3115,False
2026-08-06T05:00:00,0.5557,1.1,0.62,1.3098,0.6113,0.3445,0.7278,False
2026-08-06T06:00:00,1.0422,1.1,1.25,1.4112,1.1464,1.3028,1.4707,False
2026-08-06T07:00:00,1.794,1.1,1.25,1.3616,1.9735,2.2426,2.4428,False
2026-08-06T08:00:00,0.4597,1.1,1.25,1.2396,0.5057,0.5747,0.5699,False
2026-08-06T09:00:00,0.8298,1.1,1.25,1.1306,0.9127,1.0372,0.9381,False
2026-08-06T10:00:00,0.5454,1.1,1.25,1.0489,0.5999,0.6817,0.572,False
2026-08-06T11:00:00,0.6836,1.1,1.25,0.9811,0.752,0.8545,0.6707,False
2026-08-06T12:00:00,0.9566,1.1,1.25,1.0033,1.0522,1.1957,0.9597,False
2026-08-06T13:00:00,0.527,1.1,0.62,1.0338,0.5796,0.3267,0.5448,False
2026-08-06T14:00:00,0.975,1.1,0.62,1.0901,1.0725,0.6045,1.0629,False
2026-08-06T15:00:00,0.8574,1.1,1.25,1.1832,0.9431,1.0717,1.0145,False
2026-08-06T16:00:00,0.988,1.1,1.25,1.2971,1.0868,1.235,1.2815,False
2026-08-06T17:00:00,1.8981,1.1,1.25,1.4014,2.0879,2.3727,2.6601,False
2026-08-06T18:00:00,4.8245,1.1,1.25,1.9855,5.307,6.0307,9.579,False
2026-08-06T19:00:00,3.8626,1.1,1.25,2.6126,4.2488,4.8282,10.0912,False
2026-08-06T20:00:00,2.9122,1.1,1.25,2.5162,3.2034,3.6402,7.3277,False
2026-08-06T21:00:00,2.604,1.1,1.25,2.0133,2.8644,3.255,5.2426,False
2026-08-06T22:00:00,1.4774,1.1,0.62,1.4737,1.6251,0.916,2.1773,False
2026-08-06T23:00:00,0.5234,1.1,0.62,1.2795,0.5757,0.3245,0.6696,False
2026-08-07T00:00:00,0.7903,1.1,0.62,1.2991,0.8693,0.49,1.0266,False
2026-08-07T01:00:00,1.0319,1.1,0.62,1.2714,1.1351,0.6398,1.3119,False
2026-08-07T02:00:00,0.4802,1.1,0.62,1.2479,0.5282,0.2977,0.5992,False
2026-08-07T03:00:00,1.0375,1.1,0.62,1.2342,1.1412,0.6432,1.2805,False
2026-08-07T04:00:00,0.5104,1.1,0.62,1.2363,0.5615,0.3165,0.6311,False
2026-08-07T05:00:00,0.8528,1.1,0.62,1.2647,0.938,0.5287,1.0785,False
2026-08-07T06:00:00,1.2685,1.1,1.25,1.3314,1.3954,1.5856,1.6889,False
2026-08-07T07:00:00,1.1977,1.1,1.25,1.2895,1.3174,1.4971,1.5444,False
2026-08-07T08:00:00,1.2463,1.1,1.25,1.2398,1.3709,1.5578,1.5451,False
2026-08-07T09:00:00,0.5292,1.1,1.25,1.1798,0.5821,0.6615,0.6243,False
2026-08-07T10:00:00,0.7274,1.1,1.25,1.0417,0.8002,0.9093,0.7577,False
2026-08-07T11:00:00,0.8432,1.1,1.25,0.9008,0.9275,1.0539,0.7595,False
2026-08-07T12:00:00,0.5816,1.1,1.25,0.7442,0.6398,0.727,0.4328,False
2026-08-07T13:00:00,0.8326,1.1,0.62,0.6721,0.9158,0.5162,0.5596,False
2026-08-07T14:00:00,0.5025,1.1,0.62,0.6837,0.5528,0.3116,0.3436,False
2026-08-07T15:00:00,0.8527,1.1,1.25,0.8548,0.938,1.0659,0.7289,False
2026-08-07T16:00:00,1.3139,1.1,1.25,1.0315,1.4453,1.6424,1.3553,False
2026-08-07T17:00:00,1.2767,1.1,1.25,1.1364,1.4044,1.5959,1.451,False
2026-08-07T18:00:00,4.8594,1.1,1.25,1.3838,5.3454,6.0743,6.7242,False
2026-08-07T19:00:00,3.914,1.1,1.25,1.7425,4.3054,4.8925,6.8201,False
2026-08-07T20:00:00,2.6413,1.1,1.25,1.9925,2.9055,3.3017,5.263,False
2026-08-07T21:00:00,3.0042,1.1,1.25,1.7734,3.3047,3.7553,5.3276,False
2026-08-07T22:00:00,0.829,1.1,0.62,1.5349,0.9119,0.514,1.2724,False
2026-08-07T23:00:00,1.0931,1.1,0.62,1.433,1.2024,0.6777,1.5664,False
2026-08-08T00:00:00,0.3926,1.1,0.62,1.3847,0.4318,0.2434,0.5436,False
2026-08-08T01:00:00,0.5517,1.1,0.62,1.3466,0.6068,0.342,0.7429,False
2026-08-08T02:00:00,1.183,1.1,0.62,1.3195,1.3012,0.7334,1.5609,False
2026-08-08T03:00:00,0.5251,1.1,0.62,1.3194,0.5776,0.3256,0.6928,False
2026-08-08T04:00:00,0.7984,1.1,0.62,1.3111,0.8782,0.495,1.0467,False
2026-08-08T05:00:00,0.5187,1.1,0.62,1.3124,0.5705,0.3216,0.6807,False
2026-08-08T06:00:00,1.2037,1.1,1.25,1.3053,1.3241,1.5047,1.5712,False
2026-08-08T07:00:00,1.7273,1.1,1.25,1.2515,1.9,2.1591,2.1617,False
2026-08-08T08:00:00,0.4396,1.1,1.25,1.1463,0.4835,0.5494,0.5039,False
2026-08-08T09:00:00,0.9772,1.1,1.25,0.915,1.0749,1.2215,0.8941,False
2026-08-08T10:00:00,0.7635,1.1,1.25,0.5842,0.8399,0.9544,0.446,False
2026-08-08T11:00:00,0.4988,1.1,1.25,0.5576,0.5487,0.6235,0.2781,False
2026-08-08T12:00:00,1.0471,1.1,1.25,0.557,1.1518,1.3089,0.5832,False
2026-08-08T13:00:00,0.853,1.1,0.62,0.5579,0.9383,0.5288,0.4758,False
2026-08-08T14:00:00,0.7439,1.1,0.62,0.5674,0.8183,0.4612,0.4221,False
2026-08-08T15:00:00,0.837,1.1,1.25,0.6683,0.9207,1.0462,0.5594,False
2026-08-08T16:00:00,0.9807,1.1,1.25,0.9542,1.0788,1.2259,0.9358,False
2026-08-08T17:00:00,2.0609,1.1,1.25,1.1718,2.267,2.5762,2.4151,False
2026-08-08T18:00:00,4.3578,1.1,1.25,1.3228,4.7936,5.4473,5.7646,False
2026-08-08T19:00:00,3.9321,1.1,1.25,1.4895,4.3253,4.9152,5.8568,False
2026-08-08T20:00:00,3.1043,1.1,1.25,1.5667,3.4147,3.8804,4.8633,False
2026-08-08T21:00:00,2.7712,1.1,1.25,1.5254,3.0483,3.464,4.2271,False
2026-08-08T22:00:00,1.2844,1.1,0.62,1.439,1.4128,0.7963,1.8483,False
2026-08-08T23:00:00,0.5152,1.1,0.62,1.3676,0.5667,0.3194,0.7046,False
2026-08-09T00:00:00,0.9461,1.1,0.62,1.321,1.0407,0.5866,1.2498,False
2026-08-09T01:00:00,0.7955,1.1,0.62,1.2999,0.8751,0.4932,1.0341,False
2026-08-09T02:00:00,0.5541,1.1,0.62,1.2738,0.6095,0.3435,0.7057,False
2026-08-09T03:00:00,1.192,1.1,0.62,1.2556,1.3112,0.739,1.4967,False
2026-08-09T04:00:00,0.5452,1.1,0.62,1.2493,0.5997,0.338,0.6811,False
2026-08-09T05:00:00,0.7206,1.1,0.62,1.2404,0.7927,0.4468,0.8938,False
2026-08-09T06:00:00,1.2247,1.1,1.25,1.2215,1.3472,1.5309,1.496,False
2026-08-09T07:00:00,1.2184,1.1,1.25,1.1386,1.3402,1.5229,1.3872,False
2026-08-09T08:00:00,0.986,1.1,1.25,0.9214,1.0846,1.2326,0.9086,False
2026-08-09T09:00:00,0.4576,1.1,1.25,0.5536,0.5034,0.572,0.2533,False
2026-08-09T10:00:00,0.7689,1.1,1.25,0.5344,0.8458,0.9612,0.4109,False
2026-08-09T11:00:00,0.9684,1.1,1.25,0.5285,1.0653,1.2105,0.5118,False
2026-08-09T12:00:00,0.4903,1.1,1.25,0.5047,0.5393,0.6128,0.2474,False
2026-08-09T13:00:00,0.9066,1.1,0.62,0.504,0.9972,0.5621,0.4569,False
2026-08-09T14:00:00,0.7484,1.1,0.62,0.5156,0.8233,0.464,0.3858,False
2026-08-09T15:00:00,0.6711,1.1,1.25,0.5331,0.7382,0.8389,0.3578,False
2026-08-09T16:00:00,1.3447,1.1,1.25,0.553,1.4792,1.6809,0.7437,False
2026-08-09T17:00:00,1.3947,1.1,1.25,1.0091,1.5342,1.7434,1.4074,False
2026-08-09T18:00:00,5.0142,1.1,1.25,1.338,5.5156,6.2678,6.7092,False
2026-08-09T19:00:00,3.7143,1.1,1.25,1.4426,4.0858,4.6429,5.3583,False
2026-08-09T20:00:00,2.6426,1.1,1.25,1.4719,2.9069,3.3033,3.8897,False
2026-08-09T21:00:00,3.3906,1.1,1.25,1.405,3.7297,4.2383,4.7638,False
2026-08-09T22:00:00,0.7818,1.1,0.62,1.3914,0.86,0.4847,1.0878,False
2026-08-09T23:00:00,0.9426,1.1,0.62,1.3152,1.0369,0.5844,1.2397,False
2026-08-10T00:00:00,0.5287,1.1,0.62,1.266,0.5816,0.3278,0.6693,False
2026-08-10T01:00:00,0.6008,1.1,0.62,1.2025,0.6609,0.3725,0.7225,False
2026-08-10T02:00:00,0.9381,1.1,0.62,1.1803,1.0319,0.5816,1.1073,False
2026-08-10T03:00:00,0.4761,1.1,0.62,1.1779,0.5237,0.2952,0.5608,False
2026-08-10T04:00:00,0.9314,1.1,0.62,1.1985,1.0246,0.5775,1.1164,False
2026-08-10T05:00:00,0.8858,1.1,0.62,1.2762,0.9744,0.5492,1.1304,False
2026-08-10T06:00:00,0.9338,1.1,1.25,1.3927,1.0272,1.1673,1.3005,False
2026-08-10T07:00:00,1.5486,1.1,1.25,1.3928,1.7034,1.9357,2.1568,False
2026-08-10T08:00:00,0.8181,1.1,1.25,1.3478,0.8999,1.0226,1.1026,False
2026-08-10T09:00:00,0.6885,1.1,1.25,1.2382,0.7574,0.8607,0.8525,False
2026-08-10T10:00:00,0.6838,1.1,1.25,1.1073,0.7521,0.8547,0.7572,False
2026-08-10T11:00:00,0.4602,1.1,1.25,0.9731,0.5062,0.5753,0.4478,False
2026-08-10T12:00:00,1.2479,1.1,1.25,0.8841,1.3726,1.5598,1.1032,False
2026-08-10T13:00:00,0.5173,1.1,0.62,0.8626,0.569,0.3207,0.4462,False
2026-08-10T14:00:00,0.7621,1.1,0.62,0.9526,0.8383,0.4725,0.726,False
2026-08-10T15:00:00,1.0563,1.1,1.25,1.0685,1.1619,1.3204,1.1287,False
2026-08-10T16:00:00,1.0262,1.1,1.25,1.1921,1.1288,1.2827,1.2233,False
2026-08-10T17:00:00,1.7678,1.1,1.25,1.3983,1.9446,2.2098,2.472,False
2026-08-10T18:00:00,4.3747,1.1,1.25,1.7252,4.8121,5.4683,7.5472,False
2026-08-10T19:00:00,4.2131,1.1,1.25,2.2386,4.6344,5.2663,9.4313,False
2026-08-10T20:00:00,2.9033,1.1,1.25,2.1423,3.1936,3.6291,6.2196,False
2026-08-10T21:00:00,2.5726,1.1,1.25,1.6372,2.8299,3.2158,4.2119,False
2026-08-10T22:00:00,1.6013,1.1,0.62,1.4225,1.7615,0.9928,2.278,False
2026-08-10T23:00:00,0.5378,1.1,0.62,1.3224,0.5916,0.3334,0.7112,False
2026-08-11T00:00:00,0.7771,1.1,0.62,1.2703,0.8548,0.4818,0.9871,False
2026-08-11T01:00:00,0.7497,1.1,0.62,1.2634,0.8247,0.4648,0.9471,False
2026-08-11T02:00:00,0.7368,1.1,0.62,1.2353,0.8105,0.4568,0.9102,False
2026-08-11T03:00:00,0.9204,1.1,0.62,1.2129,1.0124,0.5706,1.1164,False
2026-08-11T04:00:00,0.5286,1.1,0.62,1.2213,0.5814,0.3277,0.6455,False
2026-08-11T05:00:00,0.687,1.1,0.62,1.2696,0.7557,0.4259,0.8722,False
2026-08-11T06:00:00,1.475,1.1,1.25,1.3598,1.6225,1.8438,2.0058,False
2026-08-11T07:00:00,1.024,1.1,1.25,1.3579,1.1264,1.28,1.3905,False
2026-08-11T08:00:00,1.0452,1.1,1.25,1.2282,1.1498,1.3066,1.2838,False
2026-08-11T09:00:00,0.6071,1.1,1.25,0.9976,0.6678,0.7589,0.6056,False
2026-08-11T10:00:00,0.4515,1.1,1.25,0.7019,0.4967,0.5644,0.3169,False
2026-08-11T11:00:00,0.951,1.1,1.25,0.5325,1.0461,1.1887,0.5064,False
2026-08-11T12:00:00,0.4874,1.1,1.25,0.5263,0.5361,0.6092,0.2565,False
2026-08-11T13:00:00,1.1153,1.1,0.62,0.5296,1.2269,0.6915,0.5907,False
2026-08-11T14:00:00,0.5023,1.1,0.62,0.5224,0.5525,0.3114,0.2624,False
2026-08-11T15:00:00,0.5811,1.1,1.25,0.5411,0.6392,0.7263,0.3144,False
2026-08-11T16:00:00,1.6372,1.1,1.25,0.7369,1.8009,2.0465,1.2065,False
2026-08-11T17:00:00,1.3082,1.1,1.25,1.1072,1.439,1.6353,1.4484,False
2026-08-11T18:00:00,4.7322,1.1,1.25,1.3411,5.2054,5.9153,6.3465,False
2026-08-11T19:00:00,3.7269,1.1,1.25,1.7384,4.0996,4.6586,6.4789,False
2026-08-11T20:00:00,2.9622,1.1,1.25,2.0347,3.2584,3.7027,6.0271,False
2026-08-11T21:00:00,3.2432,1.1,1.25,1.6943,3.5675,4.054,5.4951,False
2026-08-11T22:00:00,0.7667,1.1,0.62,1.4583,0.8434,0.4754,1.1181,False
2026-08-11T23:00:00,0.9392,1.1,0.62,1.3782,1.0331,0.5823,1.2943,False
2026-08-12T00:00:00,0.7048,1.1,0.62,1.3759,0.7752,0.4369,0.9697,False
2026-08-12T01:00:00,0.4749,1.1,0.62,1.3477,0.5224,0.2944,0.64,False
2026-08-12T02:00:00,1.0483,1.1,0.62,1.3173,1.1531,0.6499,1.3809,False
2026-08-12T03:00:00,0.7521,1.1,0.62,1.2975,0.8273,0.4663,0.9759,False
2026-08-12T04:00:00,0.7778,1.1,0.62,1.3077,0.8556,0.4822,1.0171,False
2026-08-12T05:00:00,0.7488,1.1,0.62,1.3723,0.8237,0.4643,1.0276,False
2026-08-12T06:00:00,1.0173,1.1,1.25,1.4652,1.119,1.2716,1.4905,False
2026-08-12T07:00:00,1.7736,1.1,1.25,1.4276,1.951,2.217,2.532,False
2026-08-12T08:00:00,0.4494,1.1,1.25,1.3405,0.4944,0.5618,0.6025,False
2026-08-12T09:00:00,0.7137,1.1,1.25,1.1921,0.785,0.8921,0.8507,False
2026-08-12T10:00:00,0.9845,1.1,1.25,0.9996,1.0829,1.2306,0.9841,False
2026-08-12T11:00:00,0.4832,1.1,1.25,0.7721,0.5315,0.604,0.3731,False
2026-08-12T12:00:00,0.9468,1.1,1.25,0.666,1.0415,1.1835,0.6306,False
2026-08-12T13:00:00,0.4606,1.1,0.62,0.6491,0.5067,0.2856,0.299,False
2026-08-12T14:00:00,0.9476,1.1,0.62,0.7557,1.0424,0.5875,0.7162,False
2026-08-12T15:00:00,0.8935,1.1,1.25,0.9567,0.9829,1.1169,0.8548,False
2026-08-12T16:00:00,1.0213,1.1,1.25,1.1167,1.1234,1.2766,1.1405,False
2026-08-12T17:00:00,2.0561,1.1,1.25,1.3091,2.2617,2.5701,2.6916,False
2026-08-12T18:00:00,4.5789,1.1,1.25,1.5603,5.0368,5.7237,7.1447,False
2026-08-12T19:00:00,3.8835,1.1,1.25,2.2651,4.2718,4.8543,8.7963,False
2026-08-12T20:00:00,2.8164,1.1,1.25,2.3182,3.0981,3.5205,6.5289,False
2026-08-12T21:00:00,2.7425,1.1,1.25,1.8366,3.0167,3.4281,5.0368,False
2026-08-12T22:00:00,1.3543,1.1,0.62,1.5482,1.4897,0.8396,2.0967,False
2026-08-12T23:00:00,0.4993,1.1,0.62,1.4578,0.5492,0.3095,0.7278,False
2026-08-13T00:00:00,0.6634,1.1,0.62,1.3723,0.7298,0.4113,0.9104,False
2026-08-13T01:00:00,0.8827,1.1,0.62,1.3426,0.971,0.5473,1.1851,False
2026-08-13T02:00:00,0.6387,1.1,0.62,1.3171,0.7026,0.396,0.8412,False
2026-08-13T03:00:00,1.0255,1.1,0.62,1.3121,1.128,0.6358,1.3455,False
2026-08-13T04:00:00,0.6986,1.1,0.62,1.3218,0.7685,0.4331,0.9234,False
2026-08-13T05:00:00,0.4606,1.1,0.62,1.3716,0.5066,0.2856,0.6317,False
2026-08-13T06:00:00,1.4702,1.1,1.25,1.449,1.6173,1.8378,2.1304,False
2026-08-13T07:00:00,1.1833,1.1,1.25,1.4223,1.3016,1.4791,1.683,False
2026-08-13T08:00:00,1.2118,1.1,1.25,1.3316,1.333,1.5147,1.6136,False
2026-08-13T09:00:00,0.4632,1.1,1.25,1.2073,0.5095,0.579,0.5592,False
2026-08-13T10:00:00,0.4934,1.1,1.25,1.0273,0.5427,0.6167,0.5069,False
2026-08-13T11:00:00,1.3035,1.1,1.25,0.7972,1.4339,1.6294,1.0392,False
2026-08-13T12:00:00,0.5172,1.1,1.25,0.7045,0.5689,0.6465,0.3644,False
2026-08-13T13:00:00,1.0083,1.1,0.62,0.6817,1.1092,0.6252,0.6874,False
2026-08-13T14:00:00,0.5299,1.1,0.62,0.6949,0.5829,0.3286,0.3683,False
2026-08-13T15:00:00,0.7734,1.1,1.25,0.8409,0.8507,0.9667,0.6504,False
2026-08-13T16:00:00,1.3372,1.1,1.25,1.0981,1.4709,1.6715,1.4685,False
2026-08-13T17:00:00,1.242,1.1,1.25,1.2983,1.3662,1.5525,1.6125,False
2026-08-13T18:00:00,4.555,1.1,1.25,1.5615,5.0105,5.6938,7.1125,False
2026-08-13T19:00:00,3.9435,1.1,1.25,2.0598,4.3379,4.9294,8.1229,False
2026-08-13T20:00:00,2.6196,1.1,1.25,2.2014,2.8815,3.2744,5.7668,False
2026-08-13T21:00:00,2.9406,1.1,1.25,1.828,3.2347,3.6758,5.3754,False
2026-08-13T22:00:00,1.002,1.1,0.62,1.4957,1.1021,0.6212,1.4986,False
2026-08-13T23:00:00,0.6738,1.1,0.62,1.3918,0.7412,0.4177,0.9378,False
2026-08-14T00:00:00,0.6695,1.1,0.62,1.3637,0.7365,0.4151,0.913,False
2026-08-14T01:00:00,0.5174,1.1,0.62,1.3441,0.5691,0.3208,0.6954,False
2026-08-14T02:00:00,1.1685,1.1,0.62,1.3142,1.2853,0.7245,1.5356,False
2026-08-14T03:00:00,0.5518,1.1,0.62,1.3022,0.607,0.3421,0.7186,False
2026-08-14T04:00:00,0.646,1.1,0.62,1.3035,0.7106,0.4005,0.8421,False
2026-08-14T05:00:00,0.9405,1.1,0.62,1.3589,1.0346,0.5831,1.2781,False
2026-08-14T06:00:00,0.991,1.1,1.25,1.44,1.0901,1.2387,1.427,False
2026-08-14T07:00:00,1.6272,1.1,1.25,1.4301,1.79,2.034,2.3271,False
2026-08-14T08:00:00,0.5305,1.1,1.25,1.3373,0.5835,0.6631,0.7094,False
2026-08-14T09:00:00,0.938,1.1,1.25,1.1976,1.0317,1.1724,1.1233,False
2026-08-14T10:00:00,0.7324,1.1,1.25,1.0229,0.8056,0.9155,0.7492,False
2026-08-14T11:00:00,0.4796,1.1,1.25,0.8064,0.5275,0.5995,0.3867,False
2026-08-14T12:00:00,1.1664,1.1,1.25,0.6185,1.283,1.458,0.7214,False
2026-08-14T13:00:00,0.5182,1.1,0.62,0.6046,0.57,0.3213,0.3133,False
2026-08-14T14:00:00,0.7471,1.1,0.62,0.6591,0.8218,0.4632,0.4925,False
2026-08-14T15:00:00,0.9667,1.1,1.25,0.8485,1.0634,1.2084,0.8202,False
2026-08-14T16:00:00,1.0872,1.1,1.25,1.1203,1.1959,1.359,1.218,False
2026-08-14T17:00:00,1.7712,1.1,1.25,1.3078,1.9484,2.214,2.3164,False
2026-08-14T18:00:00,4.4378,1.1,1.25,1.517,4.8815,5.5472,6.732,False
2026-08-14T19:00:00,3.9207,1.1,1.25,2.0278,4.3128,4.9009,7.9505,False
2026-08-14T20:00:00,3.0179,1.1,1.25,2.0919,3.3197,3.7724,6.3131,False
2026-08-14T21:00:00,2.5948,1.1,1.25,1.7197,2.8543,3.2435,4.4624,False
2026-08-14T22:00:00,1.3884,1.1,0.62,1.4961,1.5272,0.8608,2.0772,False
2026-08-14T23:00:00,0.7296,1.1,0.62,1.4201,0.8026,0.4524,1.0361,False
2026-08-15T00:00:00,0.5206,1.1,0.62,1.3858,0.5727,0.3228,0.7214,False
2026-08-15T01:00:00,1.0898,1.1,0.62,1.3745,1.1988,0.6757,1.498,False
2026-08-15T02:00:00,0.526,1.1,0.62,1.3463,0.5786,0.3261,0.7082,False
2026-08-15T03:00:00,1.2206,1.1,0.62,1.3418,1.3426,0.7568,1.6378,False
2026-08-15T04:00:00,0.4847,1.1,0.62,1.3229,0.5332,0.3005,0.6412,False
2026-08-15T05:00:00,0.4994,1.1,0.62,1.3209,0.5493,0.3096,0.6596,False
2026-08-15T06:00:00,1.5917,1.1,1.25,1.3274,1.7508,1.9896,2.1128,False
2026-08-15T07:00:00,1.0373,1.1,1.25,1.2365,1.141,1.2966,1.2826,False
2026-08-15T08:00:00,0.9776,1.1,1.25,1.0016,1.0753,1.222,0.9791,False
2026-08-15T09:00:00,0.5036,1.1,1.25,0.6524,0.554,0.6295,0.3286,False
2026-08-15T10:00:00,0.6881,1.1,1.25,0.5353,0.7569,0.8601,0.3683,False
2026-08-15T11:00:00,0.9661,1.1,1.25,0.5389,1.0628,1.2077,0.5207,False
2026-08-15T12:00:00,0.481,1.1,1.25,0.52,0.5291,0.6013,0.2502,False
2026-08-15T13:00:00,0.8746,1.1,0.62,0.5217,0.9621,0.5423,0.4563,False
2026-08-15T14:00:00,0.7741,1.1,0.62,0.5395,0.8515,0.4799,0.4176,False
2026-08-15T15:00:00,0.644,1.1,1.25,0.5773,0.7084,0.805,0.3718,False
2026-08-15T16:00:00,1.5522,1.1,1.25,0.7922,1.7074,1.9403,1.2296,False
2026-08-15T17:00:00,1.4892,1.1,1.25,1.2017,1.6381,1.8614,1.7896,False
2026-08-15T18:00:00,4.4632,1.1,1.25,1.4256,4.9095,5.579,6.3629,False
2026-08-15T19:00:00,4.0345,1.1,1.25,1.506,4.438,5.0432,6.0762,False
2026-08-15T20:00:00,2.7747,1.1,1.25,1.5546,3.0522,3.4684,4.3136,False
2026-08-15T21:00:00,3.3253,1.1,1.25,1.5124,3.6578,4.1566,5.0291,False
2026-08-15T22:00:00,0.8355,1.1,0.62,1.4574,0.919,0.518,1.2176,False
2026-08-15T23:00:00,0.7058,1.1,0.62,1.4076,0.7764,0.4376,0.9935,False
2026-08-16T00:00:00,0.9993,1.1,0.62,1.432,1.0992,0.6196,1.431,False
2026-08-16T01:00:00,0.4852,1.1,0.62,1.4007,0.5337,0.3008,0.6796,False
2026-08-16T02:00:00,0.9371,1.1,0.62,1.3741,1.0308,0.581,1.2876,False
2026-08-16T03:00:00,0.5407,1.1,0.62,1.3465,0.5948,0.3353,0.7281,False
2026-08-16T04:00:00,1.0352,1.1,0.62,1.3395,1.1387,0.6418,1.3866,False
2026-08-16T05:00:00,0.7411,1.1,0.62,1.3487,0.8152,0.4595,0.9995,False
2026-08-16T06:00:00,1.1231,1.1,1.25,1.341,1.2354,1.4039,1.5061,False
2026-08-16T07:00:00,1.7948,1.1,1.25,1.2978,1.9743,2.2435,2.3293,False
2026-08-16T08:00:00,0.4454,1.1,1.25,1.2262,0.4899,0.5567,0.5461,False
2026-08-16T09:00:00,0.7487,1.1,1.25,1.1071,0.8235,0.9358,0.8289,False
2026-08-16T10:00:00,0.8612,1.1,1.25,0.9526,0.9473,1.0765,0.8203,False
2026-08-16T11:00:00,0.8354,1.1,1.25,0.7779,0.919,1.0443,0.6498,False
2026-08-16T12:00:00,0.9806,1.1,1.25,0.7036,1.0787,1.2258,0.69,False
2026-08-16T13:00:00,0.5352,1.1,0.62,0.6475,0.5887,0.3318,0.3466,False
2026-08-16T14:00:00,0.7257,1.1,0.62,0.6999,0.7982,0.4499,0.5079,False
2026-08-16T15:00:00,1.0556,1.1,1.25,0.8357,1.1611,1.3194,0.8821,False
2026-08-16T16:00:00,0.9806,1.1,1.25,1.1046,1.0787,1.2258,1.0832,False
2026-08-16T17:00:00,1.8707,1.1,1.25,1.282,2.0577,2.3383,2.3981,False
2026-08-16T18:00:00,4.709,1.1,1.25,1.4268,5.18,5.8863,6.7188,False
2026-08-16T19:00:00,3.8214,1.1,1.25,1.525,4.2036,4.7768,5.8276,False
2026-08-16T20:00:00,3.1223,1.1,1.25,1.5729,3.4346,3.9029,4.9112,False
2026-08-16T21:00:00,2.6692,1.1,1.25,1.5936,2.9361,3.3365,4.2536,False
2026-08-16T22:00:00,1.5354,1.1,0.62,1.5574,1.6889,0.9519,2.3911,False
2026-08-16T23:00:00,0.4612,1.1,0.62,1.4982,0.5073,0.2859,0.691,False
2026-08-17T00:00:00,0.5136,1.1,0.62,1.4895,0.565,0.3185,0.7651,False
2026-08-17T01:00:00,1.1669,1.1,0.62,1.4404,1.2836,0.7235,1.6808,False
2026-08-17T02:00:00,0.5084,1.1,0.62,1.3808,0.5592,0.3152,0.702,False
2026-08-17T03:00:00,0.8541,1.1,0.62,1.3667,0.9395,0.5295,1.1673,False
2026-08-17T04:00:00,0.5281,1.1,0.62,1.3686,0.5809,0.3274,0.7227,False
2026-08-17T05:00:00,0.7315,1.1,0.62,1.4256,0.8046,0.4535,1.0428,False
2026-08-17T06:00:00,1.3713,1.1,1.25,1.5392,1.5084,1.7141,2.1107,False
2026-08-17T07:00:00,1.0524,1.1,1.25,1.5682,1.1577,1.3155,1.6505,False
2026-08-17T08:00:00,0.9174,1.1,1.25,1.4808,1.0092,1.1468,1.3586,False
2026-08-17T09:00:00,0.7277,1.1,1.25,1.2677,0.8005,0.9097,0.9225,False
2026-08-17T10:00:00,0.4159,1.1,1.25,1.1982,0.4575,0.5199,0.4984,False
2026-08-17T11:00:00,0.9101,1.1,1.25,1.1795,1.0011,1.1376,1.0735,False
2026-08-17T12:00:00,0.77,1.1,1.25,1.1986,0.847,0.9625,0.923,False
2026-08-17T13:00:00,0.6745,1.1,0.62,1.228,0.742,0.4182,0.8283,False
2026-08-17T14:00:00,0.7623,1.1,0.62,1.2458,0.8385,0.4726,0.9496,False
2026-08-17T15:00:00,0.6445,1.1,1.25,1.3385,0.709,0.8056,0.8627,False
2026-08-17T16:00:00,1.7133,1.1,1.25,1.4321,1.8847,2.1416,2.4537,False
2026-08-17T17:00:00,1.2775,1.1,1.25,1.664,1.4052,1.5968,2.1257,False
2026-08-17T18:00:00,4.5895,1.1,1.25,1.8182,5.0485,5.7369,8.3445,False
2026-08-17T19:00:00,4.1812,1.1,1.25,2.0008,4.5993,5.2265,8.3657,False
2026-08-17T20:00:00,2.578,1.1,1.25,1.9349,2.8358,3.2225,4.9882,False
2026-08-17T21:00:00,3.0677,1.1,1.25,1.707,3.3745,3.8346,5.2366,False
2026-08-17T22:00:00,0.9005,1.1,0.62,1.5505,0.9906,0.5583,1.3962,False
2026-08-17T23:00:00,0.954,1.1,0.62,1.4661,1.0494,0.5915,1.3987,False
2026-08-18T00:00:00,0.7691,1.1,0.62,1.4099,0.846,0.4768,1.0843,False
2026-08-18T01:00:00,0.5063,1.1,0.62,1.381,0.5569,0.3139,0.6992,False
2026-08-18T02:00:00,1.2113,1.1,0.62,1.3364,1.3324,0.751,1.6187,False
2026-08-18T03:00:00,0.6787,1.1,0.62,1.3207,0.7466,0.4208,0.8964,False
2026-08-18T04:00:00,0.7409,1.1,0.62,1.3135,0.8149,0.4593,0.9731,False
2026-08-18T05:00:00,0.7945,1.1,0.62,1.3212,0.874,0.4926,1.0497,False
2026-08-18T06:00:00,1.2294,1.1,1.25,1.3423,1.3523,1.5367,1.6502,False
2026-08-18T07:00:00,1.6195,1.1,1.25,1.3984,1.7815,2.0244,2.2647,False
2026-08-18T08:00:00,0.4988,1.1,1.25,1.3862,0.5487,0.6235,0.6914,False
2026-08-18T09:00:00,0.8183,1.1,1.25,1.3042,0.9002,1.0229,1.0673,False
2026-08-18T10:00:00,0.8876,1.1,1.25,1.2431,0.9764,1.1095,1.1034,False
2026-08-18T11:00:00,0.4195,1.1,1.25,1.1853,0.4615,0.5244,0.4973,False
2026-08-18T12:00:00,0.9827,1.1,1.25,1.1639,1.0809,1.2283,1.1437,False
2026-08-18T13:00:00,0.6851,1.1,0.62,1.1352,0.7536,0.4247,0.7777,False
2026-08-18T14:00:00,0.5217,1.1,0.62,1.1294,0.5738,0.3234,0.5892,False
2026-08-18T15:00:00,1.1379,1.1,1.25,1.144,1.2517,1.4224,1.3017,False
2026-08-18T16:00:00,0.9149,1.1,1.25,1.227,1.0064,1.1436,1.1226,False
2026-08-18T17:00:00,1.9342,1.1,1.25,1.2605,2.1277,2.4178,2.4381,False
2026-08-18T18:00:00,4.4257,1.1,1.25,1.3984,4.8683,5.5321,6.189,False
2026-08-18T19:00:00,3.8016,1.1,1.25,1.6327,4.1817,4.752,6.2068,False
2026-08-18T20:00:00,3.3938,1.1,1.25,1.682,3.7332,4.2423,5.7082,False
2026-08-18T21:00:00,2.7389,1.1,1.25,1.6339,3.0128,3.4236,4.475,False
2026-08-18T22:00:00,1.4012,1.1,0.62,1.5167,1.5414,0.8688,2.1252,False
2026-08-18T23:00:00,0.5359,1.1,0.62,1.3906,0.5895,0.3322,0.7452,False
