sezon,data,godz,cena_pln_mwh
Zima,2025-01-01,0,16.26
Zima,2025-01-01,1,-8.78
Zima,2025-01-01,2,-16.61
Zima,2025-01-01,3,-25.25
Zima,2025-01-01,4,-44.25
Zima,2025-01-01,5,-38.97
Zima,2025-01-01,6,-79.79
Zima,2025-01-01,7,-87.6
Zima,2025-01-01,8,-128.09
Zima,2025-01-01,9,-245.07
Zima,2025-01-01,10,-282.14
Zima,2025-01-01,11,-261.04
Zima,2025-01-01,12,-202.28
Zima,2025-01-01,13,-45.46
Zima,2025-01-01,14,-16.57
Zima,2025-01-01,15,37.24
Zima,2025-01-01,16,57.39
Zima,2025-01-01,17,59.24
Zima,2025-01-01,18,53.25
Zima,2025-01-01,19,50.36
Zima,2025-01-01,20,44.86
Zima,2025-01-01,21,21.63
Zima,2025-01-01,22,17.41
Zima,2025-01-01,23,-18.59
Zima,2025-01-02,0,-64.55
Zima,2025-01-02,1,-41.34
Zima,2025-01-02,2,-61.96
Zima,2025-01-02,3,-45.05
Zima,2025-01-02,4,-48.09
Zima,2025-01-02,5,-2.15
Zima,2025-01-02,6,145.48
Zima,2025-01-02,7,354.88
Zima,2025-01-02,8,413.92
Zima,2025-01-02,9,438.65
Zima,2025-01-02,10,441.66
Zima,2025-01-02,11,423.24
Zima,2025-01-02,12,395.69
Zima,2025-01-02,13,434.32
Zima,2025-01-02,14,464.27
Zima,2025-01-02,15,530.56
Zima,2025-01-02,16,562.68
Zima,2025-01-02,17,603.2
Zima,2025-01-02,18,611.04
Zima,2025-01-02,19,560.38
Zima,2025-01-02,20,530.92
Zima,2025-01-02,21,448.25
Zima,2025-01-02,22,436.85
Zima,2025-01-02,23,340.2
Zima,2025-01-03,0,372.26
Zima,2025-01-03,1,309.72
Zima,2025-01-03,2,302.08
Zima,2025-01-03,3,295.58
Zima,2025-01-03,4,259.27
Zima,2025-01-03,5,308.95
Zima,2025-01-03,6,424.17
Zima,2025-01-03,7,426.97
Zima,2025-01-03,8,465.0
Zima,2025-01-03,9,452.83
Zima,2025-01-03,10,383.48
Zima,2025-01-03,11,347.87
Zima,2025-01-03,12,363.03
Zima,2025-01-03,13,373.91
Zima,2025-01-03,14,396.07
Zima,2025-01-03,15,423.62
Zima,2025-01-03,16,460.92
Zima,2025-01-03,17,470.99
Zima,2025-01-03,18,475.65
Zima,2025-01-03,19,474.36
Zima,2025-01-03,20,421.97
Zima,2025-01-03,21,379.25
Zima,2025-01-03,22,380.03
Zima,2025-01-03,23,296.83
Zima,2025-01-04,0,253.87
Zima,2025-01-04,1,270.45
Zima,2025-01-04,2,248.8
Zima,2025-01-04,3,280.62
Zima,2025-01-04,4,321.18
Zima,2025-01-04,5,368.49
Zima,2025-01-04,6,424.43
Zima,2025-01-04,7,495.95
Zima,2025-01-04,8,538.93
Zima,2025-01-04,9,555.6
Zima,2025-01-04,10,536.41
Zima,2025-01-04,11,524.2
Zima,2025-01-04,12,527.42
Zima,2025-01-04,13,545.1
Zima,2025-01-04,14,601.62
Zima,2025-01-04,15,761.95
Zima,2025-01-04,16,638.12
Zima,2025-01-04,17,654.42
Zima,2025-01-04,18,622.13
Zima,2025-01-04,19,592.64
Zima,2025-01-04,20,556.66
Zima,2025-01-04,21,512.79
Zima,2025-01-04,22,490.3
Zima,2025-01-04,23,441.84
Zima,2025-01-05,0,437.3
Zima,2025-01-05,1,393.55
Zima,2025-01-05,2,376.88
Zima,2025-01-05,3,368.26
Zima,2025-01-05,4,359.93
Zima,2025-01-05,5,341.2
Zima,2025-01-05,6,334.88
Zima,2025-01-05,7,379.09
Zima,2025-01-05,8,406.59
Zima,2025-01-05,9,440.41
Zima,2025-01-05,10,442.98
Zima,2025-01-05,11,436.63
Zima,2025-01-05,12,449.14
Zima,2025-01-05,13,461.11
Zima,2025-01-05,14,497.92
Zima,2025-01-05,15,497.73
Zima,2025-01-05,16,482.96
Zima,2025-01-05,17,465.16
Zima,2025-01-05,18,439.97
Zima,2025-01-05,19,446.14
Zima,2025-01-05,20,401.15
Zima,2025-01-05,21,369.49
Zima,2025-01-05,22,302.01
Zima,2025-01-05,23,173.99
Zima,2025-01-06,0,138.01
Zima,2025-01-06,1,127.01
Zima,2025-01-06,2,88.55
Zima,2025-01-06,3,78.04
Zima,2025-01-06,4,86.89
Zima,2025-01-06,5,132.41
Zima,2025-01-06,6,211.9
Zima,2025-01-06,7,270.58
Zima,2025-01-06,8,312.34
Zima,2025-01-06,9,294.9
Zima,2025-01-06,10,269.5
Zima,2025-01-06,11,221.48
Zima,2025-01-06,12,229.23
Zima,2025-01-06,13,299.27
Zima,2025-01-06,14,334.24
Zima,2025-01-06,15,365.44
Zima,2025-01-06,16,380.29
Zima,2025-01-06,17,361.24
Zima,2025-01-06,18,325.63
Zima,2025-01-06,19,313.41
Zima,2025-01-06,20,301.19
Zima,2025-01-06,21,231.07
Zima,2025-01-06,22,193.88
Zima,2025-01-06,23,123.31
Zima,2025-01-07,0,70.78
Zima,2025-01-07,1,79.09
Zima,2025-01-07,2,68.5
Zima,2025-01-07,3,67.94
Zima,2025-01-07,4,95.02
Zima,2025-01-07,5,200.16
Zima,2025-01-07,6,419.67
Zima,2025-01-07,7,455.86
Zima,2025-01-07,8,506.42
Zima,2025-01-07,9,489.05
Zima,2025-01-07,10,443.61
Zima,2025-01-07,11,433.54
Zima,2025-01-07,12,446.41
Zima,2025-01-07,13,483.52
Zima,2025-01-07,14,491.43
Zima,2025-01-07,15,521.84
Zima,2025-01-07,16,572.72
Zima,2025-01-07,17,530.65
Zima,2025-01-07,18,518.74
Zima,2025-01-07,19,492.89
Zima,2025-01-07,20,420.96
Zima,2025-01-07,21,366.85
Zima,2025-01-07,22,342.25
Zima,2025-01-07,23,247.55
Zima,2025-01-08,0,253.62
Zima,2025-01-08,1,230.3
Zima,2025-01-08,2,202.91
Zima,2025-01-08,3,195.82
Zima,2025-01-08,4,209.67
Zima,2025-01-08,5,300.07
Zima,2025-01-08,6,436.06
Zima,2025-01-08,7,483.3
Zima,2025-01-08,8,529.42
Zima,2025-01-08,9,484.7
Zima,2025-01-08,10,439.58
Zima,2025-01-08,11,428.71
Zima,2025-01-08,12,422.45
Zima,2025-01-08,13,458.81
Zima,2025-01-08,14,499.12
Zima,2025-01-08,15,564.61
Zima,2025-01-08,16,617.71
Zima,2025-01-08,17,635.75
Zima,2025-01-08,18,620.77
Zima,2025-01-08,19,598.11
Zima,2025-01-08,20,559.04
Zima,2025-01-08,21,503.64
Zima,2025-01-08,22,478.12
Zima,2025-01-08,23,440.49
Zima,2025-01-09,0,439.79
Zima,2025-01-09,1,430.16
Zima,2025-01-09,2,421.35
Zima,2025-01-09,3,417.03
Zima,2025-01-09,4,432.41
Zima,2025-01-09,5,460.32
Zima,2025-01-09,6,573.33
Zima,2025-01-09,7,650.5
Zima,2025-01-09,8,700.5
Zima,2025-01-09,9,682.03
Zima,2025-01-09,10,644.13
Zima,2025-01-09,11,610.03
Zima,2025-01-09,12,580.72
Zima,2025-01-09,13,583.28
Zima,2025-01-09,14,591.13
Zima,2025-01-09,15,598.0
Zima,2025-01-09,16,640.54
Zima,2025-01-09,17,589.74
Zima,2025-01-09,18,567.62
Zima,2025-01-09,19,538.71
Zima,2025-01-09,20,500.46
Zima,2025-01-09,21,439.63
Zima,2025-01-09,22,434.67
Zima,2025-01-09,23,367.41
Zima,2025-01-10,0,320.82
Zima,2025-01-10,1,298.24
Zima,2025-01-10,2,235.29
Zima,2025-01-10,3,216.88
Zima,2025-01-10,4,267.12
Zima,2025-01-10,5,309.52
Zima,2025-01-10,6,427.05
Zima,2025-01-10,7,488.38
Zima,2025-01-10,8,560.09
Zima,2025-01-10,9,551.63
Zima,2025-01-10,10,511.42
Zima,2025-01-10,11,471.81
Zima,2025-01-10,12,457.14
Zima,2025-01-10,13,459.98
Zima,2025-01-10,14,478.42
Zima,2025-01-10,15,522.55
Zima,2025-01-10,16,571.86
Zima,2025-01-10,17,605.04
Zima,2025-01-10,18,597.32
Zima,2025-01-10,19,576.32
Zima,2025-01-10,20,533.46
Zima,2025-01-10,21,482.23
Zima,2025-01-10,22,476.25
Zima,2025-01-10,23,421.61
Zima,2025-01-11,0,418.23
Zima,2025-01-11,1,380.25
Zima,2025-01-11,2,354.99
Zima,2025-01-11,3,321.03
Zima,2025-01-11,4,317.99
Zima,2025-01-11,5,315.93
Zima,2025-01-11,6,338.2
Zima,2025-01-11,7,397.26
Zima,2025-01-11,8,446.67
Zima,2025-01-11,9,451.12
Zima,2025-01-11,10,443.41
Zima,2025-01-11,11,426.48
Zima,2025-01-11,12,410.6
Zima,2025-01-11,13,409.18
Zima,2025-01-11,14,422.6
Zima,2025-01-11,15,448.71
Zima,2025-01-11,16,477.38
Zima,2025-01-11,17,491.19
Zima,2025-01-11,18,495.5
Zima,2025-01-11,19,489.53
Zima,2025-01-11,20,455.83
Zima,2025-01-11,21,440.35
Zima,2025-01-11,22,422.59
Zima,2025-01-11,23,407.98
Zima,2025-01-12,0,375.04
Zima,2025-01-12,1,366.5
Zima,2025-01-12,2,354.87
Zima,2025-01-12,3,335.0
Zima,2025-01-12,4,339.26
Zima,2025-01-12,5,332.74
Zima,2025-01-12,6,343.13
Zima,2025-01-12,7,386.04
Zima,2025-01-12,8,423.23
Zima,2025-01-12,9,457.48
Zima,2025-01-12,10,453.83
Zima,2025-01-12,11,426.19
Zima,2025-01-12,12,423.97
Zima,2025-01-12,13,427.76
Zima,2025-01-12,14,449.52
Zima,2025-01-12,15,486.67
Zima,2025-01-12,16,532.54
Zima,2025-01-12,17,559.23
Zima,2025-01-12,18,568.54
Zima,2025-01-12,19,563.45
Zima,2025-01-12,20,544.61
Zima,2025-01-12,21,517.3
Zima,2025-01-12,22,498.57
Zima,2025-01-12,23,467.53
Zima,2025-01-13,0,459.59
Zima,2025-01-13,1,433.46
Zima,2025-01-13,2,431.94
Zima,2025-01-13,3,423.47
Zima,2025-01-13,4,437.47
Zima,2025-01-13,5,476.76
Zima,2025-01-13,6,620.6
Zima,2025-01-13,7,784.78
Zima,2025-01-13,8,911.96
Zima,2025-01-13,9,770.34
Zima,2025-01-13,10,642.65
Zima,2025-01-13,11,588.54
Zima,2025-01-13,12,561.89
Zima,2025-01-13,13,594.28
Zima,2025-01-13,14,623.67
Zima,2025-01-13,15,657.08
Zima,2025-01-13,16,648.39
Zima,2025-01-13,17,659.75
Zima,2025-01-13,18,642.38
Zima,2025-01-13,19,620.01
Zima,2025-01-13,20,561.58
Zima,2025-01-13,21,497.51
Zima,2025-01-13,22,482.34
Zima,2025-01-13,23,437.43
Zima,2025-01-14,0,454.77
Zima,2025-01-14,1,435.47
Zima,2025-01-14,2,416.88
Zima,2025-01-14,3,411.62
Zima,2025-01-14,4,420.48
Zima,2025-01-14,5,449.9
Zima,2025-01-14,6,521.54
Zima,2025-01-14,7,623.14
Zima,2025-01-14,8,673.66
Zima,2025-01-14,9,589.54
Zima,2025-01-14,10,512.11
Zima,2025-01-14,11,487.78
Zima,2025-01-14,12,469.85
Zima,2025-01-14,13,489.91
Zima,2025-01-14,14,501.32
Zima,2025-01-14,15,527.83
Zima,2025-01-14,16,573.53
Zima,2025-01-14,17,630.23
Zima,2025-01-14,18,638.92
Zima,2025-01-14,19,602.29
Zima,2025-01-14,20,530.36
Zima,2025-01-14,21,472.92
Zima,2025-01-14,22,478.26
Zima,2025-01-14,23,468.72
Zima,2025-01-15,0,461.23
Zima,2025-01-15,1,450.84
Zima,2025-01-15,2,456.37
Zima,2025-01-15,3,456.13
Zima,2025-01-15,4,470.17
Zima,2025-01-15,5,491.26
Zima,2025-01-15,6,598.56
Zima,2025-01-15,7,811.39
Zima,2025-01-15,8,1036.51
Zima,2025-01-15,9,1208.36
Zima,2025-01-15,10,1007.42
Zima,2025-01-15,11,1025.19
Zima,2025-01-15,12,1009.47
Zima,2025-01-15,13,1100.84
Zima,2025-01-15,14,1052.23
Zima,2025-01-15,15,1192.55
Zima,2025-01-15,16,1376.29
Zima,2025-01-15,17,1311.33
Zima,2025-01-15,18,1201.98
Zima,2025-01-15,19,1190.7
Zima,2025-01-15,20,886.98
Zima,2025-01-15,21,658.1
Zima,2025-01-15,22,605.82
Zima,2025-01-15,23,566.8
Zima,2025-01-16,0,539.16
Zima,2025-01-16,1,502.25
Zima,2025-01-16,2,493.54
Zima,2025-01-16,3,482.74
Zima,2025-01-16,4,484.27
Zima,2025-01-16,5,510.34
Zima,2025-01-16,6,602.98
Zima,2025-01-16,7,743.52
Zima,2025-01-16,8,818.23
Zima,2025-01-16,9,749.45
Zima,2025-01-16,10,664.38
Zima,2025-01-16,11,600.79
Zima,2025-01-16,12,574.97
Zima,2025-01-16,13,580.66
Zima,2025-01-16,14,605.63
Zima,2025-01-16,15,678.71
Zima,2025-01-16,16,750.27
Zima,2025-01-16,17,770.07
Zima,2025-01-16,18,779.35
Zima,2025-01-16,19,720.73
Zima,2025-01-16,20,606.39
Zima,2025-01-16,21,560.81
Zima,2025-01-16,22,524.44
Zima,2025-01-16,23,483.81
Zima,2025-01-17,0,487.42
Zima,2025-01-17,1,469.47
Zima,2025-01-17,2,465.65
Zima,2025-01-17,3,470.57
Zima,2025-01-17,4,477.71
Zima,2025-01-17,5,504.86
Zima,2025-01-17,6,590.51
Zima,2025-01-17,7,756.35
Zima,2025-01-17,8,844.28
Zima,2025-01-17,9,749.24
Zima,2025-01-17,10,625.51
Zima,2025-01-17,11,536.3
Zima,2025-01-17,12,524.72
Zima,2025-01-17,13,526.12
Zima,2025-01-17,14,554.51
Zima,2025-01-17,15,628.06
Zima,2025-01-17,16,712.28
Zima,2025-01-17,17,699.9
Zima,2025-01-17,18,731.22
Zima,2025-01-17,19,711.53
Zima,2025-01-17,20,615.21
Zima,2025-01-17,21,549.64
Zima,2025-01-17,22,568.83
Zima,2025-01-17,23,518.94
Zima,2025-01-18,0,513.92
Zima,2025-01-18,1,501.33
Zima,2025-01-18,2,492.17
Zima,2025-01-18,3,487.08
Zima,2025-01-18,4,479.89
Zima,2025-01-18,5,494.31
Zima,2025-01-18,6,507.97
Zima,2025-01-18,7,545.54
Zima,2025-01-18,8,609.93
Zima,2025-01-18,9,597.74
Zima,2025-01-18,10,527.45
Zima,2025-01-18,11,510.44
Zima,2025-01-18,12,497.79
Zima,2025-01-18,13,490.37
Zima,2025-01-18,14,510.78
Zima,2025-01-18,15,570.1
Zima,2025-01-18,16,640.83
Zima,2025-01-18,17,690.31
Zima,2025-01-18,18,715.22
Zima,2025-01-18,19,705.93
Zima,2025-01-18,20,645.56
Zima,2025-01-18,21,593.23
Zima,2025-01-18,22,557.64
Zima,2025-01-18,23,531.97
Zima,2025-01-19,0,534.64
Zima,2025-01-19,1,513.47
Zima,2025-01-19,2,507.7
Zima,2025-01-19,3,502.36
Zima,2025-01-19,4,497.04
Zima,2025-01-19,5,498.14
Zima,2025-01-19,6,504.43
Zima,2025-01-19,7,512.61
Zima,2025-01-19,8,528.32
Zima,2025-01-19,9,520.63
Zima,2025-01-19,10,498.67
Zima,2025-01-19,11,465.52
Zima,2025-01-19,12,463.62
Zima,2025-01-19,13,451.56
Zima,2025-01-19,14,484.56
Zima,2025-01-19,15,526.63
Zima,2025-01-19,16,590.09
Zima,2025-01-19,17,629.87
Zima,2025-01-19,18,660.53
Zima,2025-01-19,19,655.73
Zima,2025-01-19,20,618.29
Zima,2025-01-19,21,573.85
Zima,2025-01-19,22,532.08
Zima,2025-01-19,23,511.66
Zima,2025-01-20,0,517.6
Zima,2025-01-20,1,505.35
Zima,2025-01-20,2,497.04
Zima,2025-01-20,3,490.29
Zima,2025-01-20,4,496.57
Zima,2025-01-20,5,528.41
Zima,2025-01-20,6,649.95
Zima,2025-01-20,7,817.24
Zima,2025-01-20,8,868.96
Zima,2025-01-20,9,725.3
Zima,2025-01-20,10,617.76
Zima,2025-01-20,11,658.85
Zima,2025-01-20,12,642.81
Zima,2025-01-20,13,598.53
Zima,2025-01-20,14,622.08
Zima,2025-01-20,15,818.09
Zima,2025-01-20,16,848.81
Zima,2025-01-20,17,778.58
Zima,2025-01-20,18,734.24
Zima,2025-01-20,19,735.79
Zima,2025-01-20,20,629.45
Zima,2025-01-20,21,578.12
Zima,2025-01-20,22,555.57
Zima,2025-01-20,23,527.51
Zima,2025-01-21,0,527.72
Zima,2025-01-21,1,495.19
Zima,2025-01-21,2,492.32
Zima,2025-01-21,3,486.61
Zima,2025-01-21,4,485.14
Zima,2025-01-21,5,513.75
Zima,2025-01-21,6,604.65
Zima,2025-01-21,7,780.28
Zima,2025-01-21,8,877.64
Zima,2025-01-21,9,754.02
Zima,2025-01-21,10,611.83
Zima,2025-01-21,11,606.93
Zima,2025-01-21,12,623.05
Zima,2025-01-21,13,633.12
Zima,2025-01-21,14,666.81
Zima,2025-01-21,15,799.21
Zima,2025-01-21,16,908.84
Zima,2025-01-21,17,988.24
Zima,2025-01-21,18,926.56
Zima,2025-01-21,19,891.87
Zima,2025-01-21,20,740.86
Zima,2025-01-21,21,563.57
Zima,2025-01-21,22,583.81
Zima,2025-01-21,23,534.15
Zima,2025-01-22,0,539.18
Zima,2025-01-22,1,520.53
Zima,2025-01-22,2,513.46
Zima,2025-01-22,3,509.23
Zima,2025-01-22,4,512.72
Zima,2025-01-22,5,536.35
Zima,2025-01-22,6,637.7
Zima,2025-01-22,7,844.92
Zima,2025-01-22,8,944.0
Zima,2025-01-22,9,723.23
Zima,2025-01-22,10,551.38
Zima,2025-01-22,11,529.36
Zima,2025-01-22,12,525.31
Zima,2025-01-22,13,545.49
Zima,2025-01-22,14,544.92
Zima,2025-01-22,15,737.56
Zima,2025-01-22,16,747.71
Zima,2025-01-22,17,668.53
Zima,2025-01-22,18,592.84
Zima,2025-01-22,19,604.24
Zima,2025-01-22,20,533.99
Zima,2025-01-22,21,493.87
Zima,2025-01-22,22,486.58
Zima,2025-01-22,23,451.07
Zima,2025-01-23,0,461.64
Zima,2025-01-23,1,432.66
Zima,2025-01-23,2,430.6
Zima,2025-01-23,3,413.42
Zima,2025-01-23,4,414.58
Zima,2025-01-23,5,433.15
Zima,2025-01-23,6,497.51
Zima,2025-01-23,7,575.65
Zima,2025-01-23,8,621.82
Zima,2025-01-23,9,573.02
Zima,2025-01-23,10,494.82
Zima,2025-01-23,11,473.06
Zima,2025-01-23,12,445.68
Zima,2025-01-23,13,461.83
Zima,2025-01-23,14,472.67
Zima,2025-01-23,15,480.74
Zima,2025-01-23,16,499.17
Zima,2025-01-23,17,517.05
Zima,2025-01-23,18,506.31
Zima,2025-01-23,19,486.7
Zima,2025-01-23,20,450.75
Zima,2025-01-23,21,398.94
Zima,2025-01-23,22,402.26
Zima,2025-01-23,23,397.88
Zima,2025-01-24,0,385.91
Zima,2025-01-24,1,382.03
Zima,2025-01-24,2,382.19
Zima,2025-01-24,3,387.56
Zima,2025-01-24,4,424.76
Zima,2025-01-24,5,450.76
Zima,2025-01-24,6,506.18
Zima,2025-01-24,7,554.64
Zima,2025-01-24,8,608.25
Zima,2025-01-24,9,581.54
Zima,2025-01-24,10,517.69
Zima,2025-01-24,11,478.01
Zima,2025-01-24,12,462.12
Zima,2025-01-24,13,469.58
Zima,2025-01-24,14,478.75
Zima,2025-01-24,15,529.69
Zima,2025-01-24,16,546.98
Zima,2025-01-24,17,518.71
Zima,2025-01-24,18,449.99
Zima,2025-01-24,19,421.98
Zima,2025-01-24,20,409.37
Zima,2025-01-24,21,348.15
Zima,2025-01-24,22,341.77
Zima,2025-01-24,23,275.75
Zima,2025-01-25,0,331.88
Zima,2025-01-25,1,322.98
Zima,2025-01-25,2,321.5
Zima,2025-01-25,3,320.73
Zima,2025-01-25,4,335.84
Zima,2025-01-25,5,344.15
Zima,2025-01-25,6,367.04
Zima,2025-01-25,7,413.97
Zima,2025-01-25,8,448.02
Zima,2025-01-25,9,443.22
Zima,2025-01-25,10,419.76
Zima,2025-01-25,11,397.01
Zima,2025-01-25,12,385.53
Zima,2025-01-25,13,384.51
Zima,2025-01-25,14,407.19
Zima,2025-01-25,15,466.05
Zima,2025-01-25,16,532.07
Zima,2025-01-25,17,567.6
Zima,2025-01-25,18,584.34
Zima,2025-01-25,19,572.21
Zima,2025-01-25,20,543.96
Zima,2025-01-25,21,519.4
Zima,2025-01-25,22,513.74
Zima,2025-01-25,23,488.84
Zima,2025-01-26,0,512.75
Zima,2025-01-26,1,479.86
Zima,2025-01-26,2,464.76
Zima,2025-01-26,3,451.16
Zima,2025-01-26,4,449.6
Zima,2025-01-26,5,454.0
Zima,2025-01-26,6,469.56
Zima,2025-01-26,7,494.85
Zima,2025-01-26,8,521.35
Zima,2025-01-26,9,502.93
Zima,2025-01-26,10,463.2
Zima,2025-01-26,11,443.62
Zima,2025-01-26,12,425.15
Zima,2025-01-26,13,425.26
Zima,2025-01-26,14,433.93
Zima,2025-01-26,15,475.6
Zima,2025-01-26,16,525.04
Zima,2025-01-26,17,545.91
Zima,2025-01-26,18,529.58
Zima,2025-01-26,19,494.45
Zima,2025-01-26,20,464.52
Zima,2025-01-26,21,421.8
Zima,2025-01-26,22,405.44
Zima,2025-01-26,23,391.57
Zima,2025-01-27,0,288.28
Zima,2025-01-27,1,296.59
Zima,2025-01-27,2,302.93
Zima,2025-01-27,3,308.27
Zima,2025-01-27,4,350.83
Zima,2025-01-27,5,394.12
Zima,2025-01-27,6,474.66
Zima,2025-01-27,7,525.78
Zima,2025-01-27,8,518.92
Zima,2025-01-27,9,441.37
Zima,2025-01-27,10,368.65
Zima,2025-01-27,11,350.24
Zima,2025-01-27,12,348.03
Zima,2025-01-27,13,364.4
Zima,2025-01-27,14,393.14
Zima,2025-01-27,15,474.4
Zima,2025-01-27,16,494.53
Zima,2025-01-27,17,519.55
Zima,2025-01-27,18,506.33
Zima,2025-01-27,19,508.36
Zima,2025-01-27,20,469.35
Zima,2025-01-27,21,396.45
Zima,2025-01-27,22,413.49
Zima,2025-01-27,23,380.97
Zima,2025-01-28,0,345.78
Zima,2025-01-28,1,356.2
Zima,2025-01-28,2,368.86
Zima,2025-01-28,3,404.23
Zima,2025-01-28,4,427.01
Zima,2025-01-28,5,429.88
Zima,2025-01-28,6,517.9
Zima,2025-01-28,7,573.6
Zima,2025-01-28,8,593.25
Zima,2025-01-28,9,546.02
Zima,2025-01-28,10,511.64
Zima,2025-01-28,11,501.42
Zima,2025-01-28,12,495.98
Zima,2025-01-28,13,509.16
Zima,2025-01-28,14,531.85
Zima,2025-01-28,15,591.88
Zima,2025-01-28,16,622.9
Zima,2025-01-28,17,621.83
Zima,2025-01-28,18,590.86
Zima,2025-01-28,19,554.06
Zima,2025-01-28,20,497.65
Zima,2025-01-28,21,408.71
Zima,2025-01-28,22,420.39
Zima,2025-01-28,23,391.29
Zima,2025-01-29,0,361.72
Zima,2025-01-29,1,346.95
Zima,2025-01-29,2,333.16
Zima,2025-01-29,3,332.55
Zima,2025-01-29,4,346.86
Zima,2025-01-29,5,402.3
Zima,2025-01-29,6,496.37
Zima,2025-01-29,7,563.9
Zima,2025-01-29,8,599.34
Zima,2025-01-29,9,529.05
Zima,2025-01-29,10,450.27
Zima,2025-01-29,11,396.15
Zima,2025-01-29,12,371.68
Zima,2025-01-29,13,388.83
Zima,2025-01-29,14,409.69
Zima,2025-01-29,15,477.91
Zima,2025-01-29,16,536.99
Zima,2025-01-29,17,606.3
Zima,2025-01-29,18,601.95
Zima,2025-01-29,19,565.66
Zima,2025-01-29,20,477.63
Zima,2025-01-29,21,423.47
Zima,2025-01-29,22,434.17
Zima,2025-01-29,23,398.03
Zima,2025-01-30,0,405.38
Zima,2025-01-30,1,397.96
Zima,2025-01-30,2,397.63
Zima,2025-01-30,3,401.73
Zima,2025-01-30,4,416.61
Zima,2025-01-30,5,471.44
Zima,2025-01-30,6,573.23
Zima,2025-01-30,7,646.68
Zima,2025-01-30,8,665.76
Zima,2025-01-30,9,613.74
Zima,2025-01-30,10,517.31
Zima,2025-01-30,11,497.09
Zima,2025-01-30,12,478.34
Zima,2025-01-30,13,495.91
Zima,2025-01-30,14,549.02
Zima,2025-01-30,15,634.63
Zima,2025-01-30,16,692.32
Zima,2025-01-30,17,751.48
Zima,2025-01-30,18,732.43
Zima,2025-01-30,19,688.22
Zima,2025-01-30,20,632.02
Zima,2025-01-30,21,565.01
Zima,2025-01-30,22,537.33
Zima,2025-01-30,23,505.2
Wiosna,2025-04-01,0,457.27
Wiosna,2025-04-01,1,421.48
Wiosna,2025-04-01,2,417.36
Wiosna,2025-04-01,3,430.32
Wiosna,2025-04-01,4,435.33
Wiosna,2025-04-01,5,469.27
Wiosna,2025-04-01,6,598.25
Wiosna,2025-04-01,7,832.51
Wiosna,2025-04-01,8,751.33
Wiosna,2025-04-01,9,757.2
Wiosna,2025-04-01,10,463.94
Wiosna,2025-04-01,11,416.17
Wiosna,2025-04-01,12,384.9
Wiosna,2025-04-01,13,358.23
Wiosna,2025-04-01,14,379.33
Wiosna,2025-04-01,15,392.79
Wiosna,2025-04-01,16,425.13
Wiosna,2025-04-01,17,527.89
Wiosna,2025-04-01,18,578.96
Wiosna,2025-04-01,19,720.14
Wiosna,2025-04-01,20,618.14
Wiosna,2025-04-01,21,478.79
Wiosna,2025-04-01,22,461.07
Wiosna,2025-04-01,23,425.22
Wiosna,2025-04-02,0,445.75
Wiosna,2025-04-02,1,422.69
Wiosna,2025-04-02,2,409.28
Wiosna,2025-04-02,3,407.56
Wiosna,2025-04-02,4,426.16
Wiosna,2025-04-02,5,447.25
Wiosna,2025-04-02,6,524.14
Wiosna,2025-04-02,7,629.64
Wiosna,2025-04-02,8,524.03
Wiosna,2025-04-02,9,357.85
Wiosna,2025-04-02,10,180.16
Wiosna,2025-04-02,11,-57.2
Wiosna,2025-04-02,12,-50.84
Wiosna,2025-04-02,13,-59.02
Wiosna,2025-04-02,14,-30.41
Wiosna,2025-04-02,15,-19.37
Wiosna,2025-04-02,16,137.18
Wiosna,2025-04-02,17,363.79
Wiosna,2025-04-02,18,529.6
Wiosna,2025-04-02,19,667.83
Wiosna,2025-04-02,20,588.69
Wiosna,2025-04-02,21,452.56
Wiosna,2025-04-02,22,453.57
Wiosna,2025-04-02,23,448.8
Wiosna,2025-04-03,0,430.11
Wiosna,2025-04-03,1,410.13
Wiosna,2025-04-03,2,417.3
Wiosna,2025-04-03,3,425.89
Wiosna,2025-04-03,4,446.0
Wiosna,2025-04-03,5,457.79
Wiosna,2025-04-03,6,551.09
Wiosna,2025-04-03,7,656.22
Wiosna,2025-04-03,8,534.23
Wiosna,2025-04-03,9,356.41
Wiosna,2025-04-03,10,159.31
Wiosna,2025-04-03,11,-7.03
Wiosna,2025-04-03,12,-4.1
Wiosna,2025-04-03,13,-24.92
Wiosna,2025-04-03,14,-8.97
Wiosna,2025-04-03,15,35.04
Wiosna,2025-04-03,16,374.81
Wiosna,2025-04-03,17,618.51
Wiosna,2025-04-03,18,694.37
Wiosna,2025-04-03,19,968.59
Wiosna,2025-04-03,20,947.49
Wiosna,2025-04-03,21,624.37
Wiosna,2025-04-03,22,520.93
Wiosna,2025-04-03,23,470.35
Wiosna,2025-04-04,0,466.95
Wiosna,2025-04-04,1,452.93
Wiosna,2025-04-04,2,448.41
Wiosna,2025-04-04,3,447.73
Wiosna,2025-04-04,4,459.44
Wiosna,2025-04-04,5,488.59
Wiosna,2025-04-04,6,685.34
Wiosna,2025-04-04,7,754.09
Wiosna,2025-04-04,8,561.1
Wiosna,2025-04-04,9,369.41
Wiosna,2025-04-04,10,191.37
Wiosna,2025-04-04,11,13.4
Wiosna,2025-04-04,12,-24.58
Wiosna,2025-04-04,13,-44.39
Wiosna,2025-04-04,14,-32.88
Wiosna,2025-04-04,15,-1.38
Wiosna,2025-04-04,16,296.24
Wiosna,2025-04-04,17,471.4
Wiosna,2025-04-04,18,568.61
Wiosna,2025-04-04,19,739.23
Wiosna,2025-04-04,20,701.91
Wiosna,2025-04-04,21,512.54
Wiosna,2025-04-04,22,453.54
Wiosna,2025-04-04,23,411.31
Wiosna,2025-04-05,0,441.64
Wiosna,2025-04-05,1,415.75
Wiosna,2025-04-05,2,407.7
Wiosna,2025-04-05,3,403.45
Wiosna,2025-04-05,4,401.55
Wiosna,2025-04-05,5,385.62
Wiosna,2025-04-05,6,400.82
Wiosna,2025-04-05,7,421.13
Wiosna,2025-04-05,8,347.78
Wiosna,2025-04-05,9,152.88
Wiosna,2025-04-05,10,-0.13
Wiosna,2025-04-05,11,-65.71
Wiosna,2025-04-05,12,-157.33
Wiosna,2025-04-05,13,-233.72
Wiosna,2025-04-05,14,-234.67
Wiosna,2025-04-05,15,-112.81
Wiosna,2025-04-05,16,-18.97
Wiosna,2025-04-05,17,21.47
Wiosna,2025-04-05,18,227.27
Wiosna,2025-04-05,19,384.75
Wiosna,2025-04-05,20,387.7
Wiosna,2025-04-05,21,315.15
Wiosna,2025-04-05,22,261.85
Wiosna,2025-04-05,23,215.18
Wiosna,2025-04-06,0,222.18
Wiosna,2025-04-06,1,189.74
Wiosna,2025-04-06,2,210.7
Wiosna,2025-04-06,3,221.09
Wiosna,2025-04-06,4,225.35
Wiosna,2025-04-06,5,247.55
Wiosna,2025-04-06,6,271.66
Wiosna,2025-04-06,7,273.81
Wiosna,2025-04-06,8,77.25
Wiosna,2025-04-06,9,-22.13
Wiosna,2025-04-06,10,-64.78
Wiosna,2025-04-06,11,-139.22
Wiosna,2025-04-06,12,-217.04
Wiosna,2025-04-06,13,-288.09
Wiosna,2025-04-06,14,-274.35
Wiosna,2025-04-06,15,-147.15
Wiosna,2025-04-06,16,-41.55
Wiosna,2025-04-06,17,123.79
Wiosna,2025-04-06,18,475.67
Wiosna,2025-04-06,19,672.37
Wiosna,2025-04-06,20,627.76
Wiosna,2025-04-06,21,566.19
Wiosna,2025-04-06,22,522.67
Wiosna,2025-04-06,23,468.09
Wiosna,2025-04-07,0,398.79
Wiosna,2025-04-07,1,391.1
Wiosna,2025-04-07,2,385.7
Wiosna,2025-04-07,3,385.92
Wiosna,2025-04-07,4,414.35
Wiosna,2025-04-07,5,462.52
Wiosna,2025-04-07,6,656.84
Wiosna,2025-04-07,7,843.27
Wiosna,2025-04-07,8,636.38
Wiosna,2025-04-07,9,456.36
Wiosna,2025-04-07,10,341.45
Wiosna,2025-04-07,11,296.24
Wiosna,2025-04-07,12,295.62
Wiosna,2025-04-07,13,308.2
Wiosna,2025-04-07,14,325.26
Wiosna,2025-04-07,15,318.8
Wiosna,2025-04-07,16,368.36
Wiosna,2025-04-07,17,442.0
Wiosna,2025-04-07,18,615.89
Wiosna,2025-04-07,19,801.38
Wiosna,2025-04-07,20,786.31
Wiosna,2025-04-07,21,594.28
Wiosna,2025-04-07,22,537.69
Wiosna,2025-04-07,23,476.64
Wiosna,2025-04-08,0,452.31
Wiosna,2025-04-08,1,412.4
Wiosna,2025-04-08,2,410.56
Wiosna,2025-04-08,3,413.77
Wiosna,2025-04-08,4,420.8
Wiosna,2025-04-08,5,472.74
Wiosna,2025-04-08,6,630.83
Wiosna,2025-04-08,7,783.66
Wiosna,2025-04-08,8,602.15
Wiosna,2025-04-08,9,402.26
Wiosna,2025-04-08,10,289.3
Wiosna,2025-04-08,11,120.88
Wiosna,2025-04-08,12,2.35
Wiosna,2025-04-08,13,-15.1
Wiosna,2025-04-08,14,9.33
Wiosna,2025-04-08,15,153.54
Wiosna,2025-04-08,16,306.46
Wiosna,2025-04-08,17,437.24
Wiosna,2025-04-08,18,582.51
Wiosna,2025-04-08,19,899.79
Wiosna,2025-04-08,20,947.68
Wiosna,2025-04-08,21,639.52
Wiosna,2025-04-08,22,544.62
Wiosna,2025-04-08,23,476.64
Wiosna,2025-04-09,0,458.07
Wiosna,2025-04-09,1,425.8
Wiosna,2025-04-09,2,417.83
Wiosna,2025-04-09,3,415.87
Wiosna,2025-04-09,4,422.52
Wiosna,2025-04-09,5,479.76
Wiosna,2025-04-09,6,643.68
Wiosna,2025-04-09,7,756.52
Wiosna,2025-04-09,8,586.15
Wiosna,2025-04-09,9,417.27
Wiosna,2025-04-09,10,330.49
Wiosna,2025-04-09,11,198.2
Wiosna,2025-04-09,12,64.14
Wiosna,2025-04-09,13,64.27
Wiosna,2025-04-09,14,159.96
Wiosna,2025-04-09,15,284.51
Wiosna,2025-04-09,16,352.13
Wiosna,2025-04-09,17,406.42
Wiosna,2025-04-09,18,492.86
Wiosna,2025-04-09,19,592.35
Wiosna,2025-04-09,20,626.8
Wiosna,2025-04-09,21,485.72
Wiosna,2025-04-09,22,438.38
Wiosna,2025-04-09,23,399.7
Wiosna,2025-04-10,0,396.99
Wiosna,2025-04-10,1,382.39
Wiosna,2025-04-10,2,378.34
Wiosna,2025-04-10,3,381.71
Wiosna,2025-04-10,4,393.93
Wiosna,2025-04-10,5,442.49
Wiosna,2025-04-10,6,598.07
Wiosna,2025-04-10,7,712.83
Wiosna,2025-04-10,8,566.76
Wiosna,2025-04-10,9,429.98
Wiosna,2025-04-10,10,318.5
Wiosna,2025-04-10,11,212.92
Wiosna,2025-04-10,12,59.55
Wiosna,2025-04-10,13,3.38
Wiosna,2025-04-10,14,6.91
Wiosna,2025-04-10,15,54.08
Wiosna,2025-04-10,16,213.98
Wiosna,2025-04-10,17,361.91
Wiosna,2025-04-10,18,490.61
Wiosna,2025-04-10,19,751.06
Wiosna,2025-04-10,20,843.24
Wiosna,2025-04-10,21,577.55
Wiosna,2025-04-10,22,430.47
Wiosna,2025-04-10,23,373.17
Wiosna,2025-04-11,0,294.27
Wiosna,2025-04-11,1,258.48
Wiosna,2025-04-11,2,223.82
Wiosna,2025-04-11,3,214.12
Wiosna,2025-04-11,4,236.05
Wiosna,2025-04-11,5,296.72
Wiosna,2025-04-11,6,409.09
Wiosna,2025-04-11,7,452.41
Wiosna,2025-04-11,8,412.26
Wiosna,2025-04-11,9,392.04
Wiosna,2025-04-11,10,358.17
Wiosna,2025-04-11,11,332.62
Wiosna,2025-04-11,12,362.69
Wiosna,2025-04-11,13,386.67
Wiosna,2025-04-11,14,406.71
Wiosna,2025-04-11,15,425.82
Wiosna,2025-04-11,16,442.44
Wiosna,2025-04-11,17,548.46
Wiosna,2025-04-11,18,517.66
Wiosna,2025-04-11,19,690.56
Wiosna,2025-04-11,20,751.74
Wiosna,2025-04-11,21,604.68
Wiosna,2025-04-11,22,511.96
Wiosna,2025-04-11,23,442.69
Wiosna,2025-04-12,0,488.15
Wiosna,2025-04-12,1,449.82
Wiosna,2025-04-12,2,433.31
Wiosna,2025-04-12,3,428.74
Wiosna,2025-04-12,4,433.35
Wiosna,2025-04-12,5,433.19
Wiosna,2025-04-12,6,465.31
Wiosna,2025-04-12,7,495.6
Wiosna,2025-04-12,8,426.91
Wiosna,2025-04-12,9,361.65
Wiosna,2025-04-12,10,281.89
Wiosna,2025-04-12,11,84.16
Wiosna,2025-04-12,12,-4.04
Wiosna,2025-04-12,13,-43.45
Wiosna,2025-04-12,14,-34.76
Wiosna,2025-04-12,15,78.24
Wiosna,2025-04-12,16,304.35
Wiosna,2025-04-12,17,543.8
Wiosna,2025-04-12,18,557.59
Wiosna,2025-04-12,19,775.42
Wiosna,2025-04-12,20,946.3
Wiosna,2025-04-12,21,609.74
Wiosna,2025-04-12,22,465.08
Wiosna,2025-04-12,23,420.44
Wiosna,2025-04-13,0,385.13
Wiosna,2025-04-13,1,341.34
Wiosna,2025-04-13,2,318.96
Wiosna,2025-04-13,3,315.57
Wiosna,2025-04-13,4,317.52
Wiosna,2025-04-13,5,324.04
Wiosna,2025-04-13,6,265.21
Wiosna,2025-04-13,7,241.02
Wiosna,2025-04-13,8,67.7
Wiosna,2025-04-13,9,17.52
Wiosna,2025-04-13,10,-29.22
Wiosna,2025-04-13,11,-243.45
Wiosna,2025-04-13,12,-246.6
Wiosna,2025-04-13,13,-281.56
Wiosna,2025-04-13,14,-300.78
Wiosna,2025-04-13,15,-157.99
Wiosna,2025-04-13,16,-22.91
Wiosna,2025-04-13,17,219.08
Wiosna,2025-04-13,18,465.25
Wiosna,2025-04-13,19,584.69
Wiosna,2025-04-13,20,559.91
Wiosna,2025-04-13,21,512.15
Wiosna,2025-04-13,22,447.83
Wiosna,2025-04-13,23,406.94
Wiosna,2025-04-14,0,371.45
Wiosna,2025-04-14,1,354.08
Wiosna,2025-04-14,2,353.43
Wiosna,2025-04-14,3,371.8
Wiosna,2025-04-14,4,385.84
Wiosna,2025-04-14,5,423.48
Wiosna,2025-04-14,6,570.5
Wiosna,2025-04-14,7,732.79
Wiosna,2025-04-14,8,635.68
Wiosna,2025-04-14,9,445.37
Wiosna,2025-04-14,10,361.79
Wiosna,2025-04-14,11,277.87
Wiosna,2025-04-14,12,222.92
Wiosna,2025-04-14,13,222.68
Wiosna,2025-04-14,14,272.84
Wiosna,2025-04-14,15,345.59
Wiosna,2025-04-14,16,430.72
Wiosna,2025-04-14,17,510.06
Wiosna,2025-04-14,18,653.56
Wiosna,2025-04-14,19,1092.05
Wiosna,2025-04-14,20,1069.79
Wiosna,2025-04-14,21,583.1
Wiosna,2025-04-14,22,454.53
Wiosna,2025-04-14,23,386.99
Wiosna,2025-04-15,0,385.65
Wiosna,2025-04-15,1,383.2
Wiosna,2025-04-15,2,388.79
Wiosna,2025-04-15,3,390.04
Wiosna,2025-04-15,4,392.87
Wiosna,2025-04-15,5,389.37
Wiosna,2025-04-15,6,496.5
Wiosna,2025-04-15,7,528.27
Wiosna,2025-04-15,8,438.99
Wiosna,2025-04-15,9,394.26
Wiosna,2025-04-15,10,243.13
Wiosna,2025-04-15,11,123.58
Wiosna,2025-04-15,12,13.46
Wiosna,2025-04-15,13,15.18
Wiosna,2025-04-15,14,63.47
Wiosna,2025-04-15,15,219.15
Wiosna,2025-04-15,16,325.42
Wiosna,2025-04-15,17,392.28
Wiosna,2025-04-15,18,470.03
Wiosna,2025-04-15,19,562.0
Wiosna,2025-04-15,20,572.84
Wiosna,2025-04-15,21,473.31
Wiosna,2025-04-15,22,431.63
Wiosna,2025-04-15,23,389.58
Wiosna,2025-04-16,0,375.47
Wiosna,2025-04-16,1,357.71
Wiosna,2025-04-16,2,349.21
Wiosna,2025-04-16,3,352.47
Wiosna,2025-04-16,4,395.73
Wiosna,2025-04-16,5,424.15
Wiosna,2025-04-16,6,574.3
Wiosna,2025-04-16,7,617.63
Wiosna,2025-04-16,8,568.49
Wiosna,2025-04-16,9,403.05
Wiosna,2025-04-16,10,260.39
Wiosna,2025-04-16,11,176.03
Wiosna,2025-04-16,12,65.76
Wiosna,2025-04-16,13,38.43
Wiosna,2025-04-16,14,69.43
Wiosna,2025-04-16,15,211.04
Wiosna,2025-04-16,16,365.83
Wiosna,2025-04-16,17,551.04
Wiosna,2025-04-16,18,588.77
Wiosna,2025-04-16,19,918.89
Wiosna,2025-04-16,20,926.54
Wiosna,2025-04-16,21,566.06
Wiosna,2025-04-16,22,487.08
Wiosna,2025-04-16,23,425.88
Wiosna,2025-04-17,0,418.21
Wiosna,2025-04-17,1,408.82
Wiosna,2025-04-17,2,398.32
Wiosna,2025-04-17,3,398.47
Wiosna,2025-04-17,4,409.82
Wiosna,2025-04-17,5,414.0
Wiosna,2025-04-17,6,582.38
Wiosna,2025-04-17,7,586.63
Wiosna,2025-04-17,8,526.65
Wiosna,2025-04-17,9,414.49
Wiosna,2025-04-17,10,262.08
Wiosna,2025-04-17,11,92.15
Wiosna,2025-04-17,12,-22.99
Wiosna,2025-04-17,13,-36.45
Wiosna,2025-04-17,14,21.23
Wiosna,2025-04-17,15,245.69
Wiosna,2025-04-17,16,343.63
Wiosna,2025-04-17,17,438.35
Wiosna,2025-04-17,18,504.59
Wiosna,2025-04-17,19,603.61
Wiosna,2025-04-17,20,593.83
Wiosna,2025-04-17,21,490.64
Wiosna,2025-04-17,22,446.66
Wiosna,2025-04-17,23,407.67
Wiosna,2025-04-18,0,358.15
Wiosna,2025-04-18,1,330.29
Wiosna,2025-04-18,2,322.59
Wiosna,2025-04-18,3,323.87
Wiosna,2025-04-18,4,366.79
Wiosna,2025-04-18,5,411.59
Wiosna,2025-04-18,6,439.45
Wiosna,2025-04-18,7,452.48
Wiosna,2025-04-18,8,417.54
Wiosna,2025-04-18,9,369.18
Wiosna,2025-04-18,10,303.53
Wiosna,2025-04-18,11,266.8
Wiosna,2025-04-18,12,212.08
Wiosna,2025-04-18,13,188.75
Wiosna,2025-04-18,14,266.36
Wiosna,2025-04-18,15,353.92
Wiosna,2025-04-18,16,446.55
Wiosna,2025-04-18,17,448.71
Wiosna,2025-04-18,18,514.51
Wiosna,2025-04-18,19,615.02
Wiosna,2025-04-18,20,667.87
Wiosna,2025-04-18,21,531.94
Wiosna,2025-04-18,22,486.57
Wiosna,2025-04-18,23,439.63
Wiosna,2025-04-19,0,499.03
Wiosna,2025-04-19,1,450.63
Wiosna,2025-04-19,2,437.45
Wiosna,2025-04-19,3,434.31
Wiosna,2025-04-19,4,438.18
Wiosna,2025-04-19,5,447.54
Wiosna,2025-04-19,6,460.34
Wiosna,2025-04-19,7,545.08
Wiosna,2025-04-19,8,580.66
Wiosna,2025-04-19,9,450.45
Wiosna,2025-04-19,10,336.42
Wiosna,2025-04-19,11,147.24
Wiosna,2025-04-19,12,34.32
Wiosna,2025-04-19,13,1.99
Wiosna,2025-04-19,14,40.43
Wiosna,2025-04-19,15,186.98
Wiosna,2025-04-19,16,365.73
Wiosna,2025-04-19,17,514.93
Wiosna,2025-04-19,18,575.17
Wiosna,2025-04-19,19,575.32
Wiosna,2025-04-19,20,639.77
Wiosna,2025-04-19,21,549.26
Wiosna,2025-04-19,22,492.32
Wiosna,2025-04-19,23,459.4
Wiosna,2025-04-20,0,433.91
Wiosna,2025-04-20,1,468.85
Wiosna,2025-04-20,2,434.25
Wiosna,2025-04-20,3,430.75
Wiosna,2025-04-20,4,431.7
Wiosna,2025-04-20,5,446.52
Wiosna,2025-04-20,6,440.7
Wiosna,2025-04-20,7,375.19
Wiosna,2025-04-20,8,234.04
Wiosna,2025-04-20,9,36.04
Wiosna,2025-04-20,10,-2.84
Wiosna,2025-04-20,11,-136.15
Wiosna,2025-04-20,12,-300.81
Wiosna,2025-04-20,13,-341.7
Wiosna,2025-04-20,14,-237.3
Wiosna,2025-04-20,15,-71.1
Wiosna,2025-04-20,16,0.0
Wiosna,2025-04-20,17,289.51
Wiosna,2025-04-20,18,513.05
Wiosna,2025-04-20,19,659.23
Wiosna,2025-04-20,20,617.46
Wiosna,2025-04-20,21,559.98
Wiosna,2025-04-20,22,535.59
Wiosna,2025-04-20,23,490.68
Wiosna,2025-04-21,0,467.89
Wiosna,2025-04-21,1,433.65
Wiosna,2025-04-21,2,424.11
Wiosna,2025-04-21,3,424.14
Wiosna,2025-04-21,4,431.09
Wiosna,2025-04-21,5,440.76
Wiosna,2025-04-21,6,423.33
Wiosna,2025-04-21,7,393.53
Wiosna,2025-04-21,8,332.91
Wiosna,2025-04-21,9,182.9
Wiosna,2025-04-21,10,49.48
Wiosna,2025-04-21,11,4.97
Wiosna,2025-04-21,12,-69.07
Wiosna,2025-04-21,13,-82.59
Wiosna,2025-04-21,14,-2.38
Wiosna,2025-04-21,15,19.93
Wiosna,2025-04-21,16,196.56
Wiosna,2025-04-21,17,379.71
Wiosna,2025-04-21,18,508.87
Wiosna,2025-04-21,19,556.5
Wiosna,2025-04-21,20,604.84
Wiosna,2025-04-21,21,554.24
Wiosna,2025-04-21,22,519.32
Wiosna,2025-04-21,23,465.45
Wiosna,2025-04-22,0,421.38
Wiosna,2025-04-22,1,401.44
Wiosna,2025-04-22,2,392.45
Wiosna,2025-04-22,3,390.76
Wiosna,2025-04-22,4,394.69
Wiosna,2025-04-22,5,431.95
Wiosna,2025-04-22,6,538.87
Wiosna,2025-04-22,7,650.02
Wiosna,2025-04-22,8,592.42
Wiosna,2025-04-22,9,472.81
Wiosna,2025-04-22,10,404.19
Wiosna,2025-04-22,11,382.44
Wiosna,2025-04-22,12,373.94
Wiosna,2025-04-22,13,319.52
Wiosna,2025-04-22,14,322.17
Wiosna,2025-04-22,15,336.69
Wiosna,2025-04-22,16,394.88
Wiosna,2025-04-22,17,475.46
Wiosna,2025-04-22,18,646.36
Wiosna,2025-04-22,19,939.29
Wiosna,2025-04-22,20,1111.16
Wiosna,2025-04-22,21,730.17
Wiosna,2025-04-22,22,583.95
Wiosna,2025-04-22,23,512.84
Wiosna,2025-04-23,0,482.36
Wiosna,2025-04-23,1,457.03
Wiosna,2025-04-23,2,444.8
Wiosna,2025-04-23,3,442.19
Wiosna,2025-04-23,4,459.7
Wiosna,2025-04-23,5,487.47
Wiosna,2025-04-23,6,624.37
Wiosna,2025-04-23,7,714.83
Wiosna,2025-04-23,8,583.52
Wiosna,2025-04-23,9,439.56
Wiosna,2025-04-23,10,370.48
Wiosna,2025-04-23,11,335.34
Wiosna,2025-04-23,12,317.64
Wiosna,2025-04-23,13,315.21
Wiosna,2025-04-23,14,342.34
Wiosna,2025-04-23,15,388.37
Wiosna,2025-04-23,16,427.91
Wiosna,2025-04-23,17,488.39
Wiosna,2025-04-23,18,599.59
Wiosna,2025-04-23,19,781.59
Wiosna,2025-04-23,20,918.37
Wiosna,2025-04-23,21,581.63
Wiosna,2025-04-23,22,502.11
Wiosna,2025-04-23,23,446.15
Wiosna,2025-04-24,0,435.37
Wiosna,2025-04-24,1,407.47
Wiosna,2025-04-24,2,396.05
Wiosna,2025-04-24,3,396.62
Wiosna,2025-04-24,4,396.01
Wiosna,2025-04-24,5,421.15
Wiosna,2025-04-24,6,497.5
Wiosna,2025-04-24,7,542.52
Wiosna,2025-04-24,8,510.51
Wiosna,2025-04-24,9,435.42
Wiosna,2025-04-24,10,392.04
Wiosna,2025-04-24,11,368.68
Wiosna,2025-04-24,12,335.7
Wiosna,2025-04-24,13,327.89
Wiosna,2025-04-24,14,333.34
Wiosna,2025-04-24,15,359.57
Wiosna,2025-04-24,16,390.18
Wiosna,2025-04-24,17,429.08
Wiosna,2025-04-24,18,491.77
Wiosna,2025-04-24,19,551.87
Wiosna,2025-04-24,20,619.08
Wiosna,2025-04-24,21,499.67
Wiosna,2025-04-24,22,458.96
Wiosna,2025-04-24,23,413.41
Wiosna,2025-04-25,0,404.17
Wiosna,2025-04-25,1,377.7
Wiosna,2025-04-25,2,371.26
Wiosna,2025-04-25,3,373.7
Wiosna,2025-04-25,4,384.29
Wiosna,2025-04-25,5,412.42
Wiosna,2025-04-25,6,465.6
Wiosna,2025-04-25,7,503.71
Wiosna,2025-04-25,8,485.06
Wiosna,2025-04-25,9,427.18
Wiosna,2025-04-25,10,411.39
Wiosna,2025-04-25,11,391.38
Wiosna,2025-04-25,12,344.62
Wiosna,2025-04-25,13,326.57
Wiosna,2025-04-25,14,332.69
Wiosna,2025-04-25,15,341.91
Wiosna,2025-04-25,16,376.85
Wiosna,2025-04-25,17,403.23
Wiosna,2025-04-25,18,448.77
Wiosna,2025-04-25,19,506.12
Wiosna,2025-04-25,20,539.75
Wiosna,2025-04-25,21,474.94
Wiosna,2025-04-25,22,437.62
Wiosna,2025-04-25,23,402.95
Wiosna,2025-04-26,0,440.52
Wiosna,2025-04-26,1,419.65
Wiosna,2025-04-26,2,416.07
Wiosna,2025-04-26,3,408.7
Wiosna,2025-04-26,4,419.13
Wiosna,2025-04-26,5,418.54
Wiosna,2025-04-26,6,402.9
Wiosna,2025-04-26,7,360.16
Wiosna,2025-04-26,8,279.24
Wiosna,2025-04-26,9,115.99
Wiosna,2025-04-26,10,4.79
Wiosna,2025-04-26,11,-39.79
Wiosna,2025-04-26,12,-85.6
Wiosna,2025-04-26,13,-113.88
Wiosna,2025-04-26,14,-80.05
Wiosna,2025-04-26,15,-33.88
Wiosna,2025-04-26,16,-0.12
Wiosna,2025-04-26,17,272.05
Wiosna,2025-04-26,18,444.54
Wiosna,2025-04-26,19,446.13
Wiosna,2025-04-26,20,499.58
Wiosna,2025-04-26,21,425.98
Wiosna,2025-04-26,22,425.62
Wiosna,2025-04-26,23,427.9
Wiosna,2025-04-27,0,452.6
Wiosna,2025-04-27,1,439.65
Wiosna,2025-04-27,2,428.99
Wiosna,2025-04-27,3,432.32
Wiosna,2025-04-27,4,450.99
Wiosna,2025-04-27,5,430.95
Wiosna,2025-04-27,6,377.25
Wiosna,2025-04-27,7,273.6
Wiosna,2025-04-27,8,129.28
Wiosna,2025-04-27,9,-12.17
Wiosna,2025-04-27,10,-67.25
Wiosna,2025-04-27,11,-188.22
Wiosna,2025-04-27,12,-391.72
Wiosna,2025-04-27,13,-458.03
Wiosna,2025-04-27,14,-440.34
Wiosna,2025-04-27,15,-206.41
Wiosna,2025-04-27,16,-10.53
Wiosna,2025-04-27,17,283.72
Wiosna,2025-04-27,18,497.47
Wiosna,2025-04-27,19,510.53
Wiosna,2025-04-27,20,567.06
Wiosna,2025-04-27,21,486.0
Wiosna,2025-04-27,22,447.43
Wiosna,2025-04-27,23,411.69
Wiosna,2025-04-28,0,392.77
Wiosna,2025-04-28,1,375.73
Wiosna,2025-04-28,2,366.13
Wiosna,2025-04-28,3,371.88
Wiosna,2025-04-28,4,390.59
Wiosna,2025-04-28,5,428.43
Wiosna,2025-04-28,6,548.78
Wiosna,2025-04-28,7,528.49
Wiosna,2025-04-28,8,413.05
Wiosna,2025-04-28,9,294.83
Wiosna,2025-04-28,10,58.82
Wiosna,2025-04-28,11,-0.6
Wiosna,2025-04-28,12,-20.08
Wiosna,2025-04-28,13,-25.27
Wiosna,2025-04-28,14,-19.55
Wiosna,2025-04-28,15,-1.73
Wiosna,2025-04-28,16,225.93
Wiosna,2025-04-28,17,337.22
Wiosna,2025-04-28,18,472.5
Wiosna,2025-04-28,19,671.24
Wiosna,2025-04-28,20,858.92
Wiosna,2025-04-28,21,570.35
Wiosna,2025-04-28,22,487.65
Wiosna,2025-04-28,23,426.59
Wiosna,2025-04-29,0,409.45
Wiosna,2025-04-29,1,389.05
Wiosna,2025-04-29,2,373.17
Wiosna,2025-04-29,3,367.55
Wiosna,2025-04-29,4,373.18
Wiosna,2025-04-29,5,402.1
Wiosna,2025-04-29,6,471.41
Wiosna,2025-04-29,7,470.05
Wiosna,2025-04-29,8,372.98
Wiosna,2025-04-29,9,255.85
Wiosna,2025-04-29,10,9.71
Wiosna,2025-04-29,11,-13.87
Wiosna,2025-04-29,12,-28.7
Wiosna,2025-04-29,13,-29.85
Wiosna,2025-04-29,14,-16.03
Wiosna,2025-04-29,15,-0.01
Wiosna,2025-04-29,16,163.74
Wiosna,2025-04-29,17,360.63
Wiosna,2025-04-29,18,443.74
Wiosna,2025-04-29,19,618.45
Wiosna,2025-04-29,20,780.78
Wiosna,2025-04-29,21,558.23
Wiosna,2025-04-29,22,474.25
Wiosna,2025-04-29,23,423.72
Wiosna,2025-04-30,0,413.78
Wiosna,2025-04-30,1,390.42
Wiosna,2025-04-30,2,383.83
Wiosna,2025-04-30,3,384.12
Wiosna,2025-04-30,4,394.53
Wiosna,2025-04-30,5,412.1
Wiosna,2025-04-30,6,478.03
Wiosna,2025-04-30,7,487.64
Wiosna,2025-04-30,8,401.88
Wiosna,2025-04-30,9,296.17
Wiosna,2025-04-30,10,16.94
Wiosna,2025-04-30,11,-1.6
Wiosna,2025-04-30,12,-13.71
Wiosna,2025-04-30,13,-25.58
Wiosna,2025-04-30,14,-19.78
Wiosna,2025-04-30,15,-0.92
Wiosna,2025-04-30,16,102.53
Wiosna,2025-04-30,17,332.72
Wiosna,2025-04-30,18,429.41
Wiosna,2025-04-30,19,553.57
Wiosna,2025-04-30,20,694.19
Wiosna,2025-04-30,21,514.6
Wiosna,2025-04-30,22,448.57
Wiosna,2025-04-30,23,409.85
Lato,2025-07-01,0,493.25
Lato,2025-07-01,1,439.15
Lato,2025-07-01,2,411.02
Lato,2025-07-01,3,405.72
Lato,2025-07-01,4,411.29
Lato,2025-07-01,5,441.28
Lato,2025-07-01,6,513.06
Lato,2025-07-01,7,515.35
Lato,2025-07-01,8,467.0
Lato,2025-07-01,9,318.64
Lato,2025-07-01,10,191.72
Lato,2025-07-01,11,88.27
Lato,2025-07-01,12,84.11
Lato,2025-07-01,13,74.46
Lato,2025-07-01,14,140.82
Lato,2025-07-01,15,281.93
Lato,2025-07-01,16,358.72
Lato,2025-07-01,17,430.85
Lato,2025-07-01,18,608.23
Lato,2025-07-01,19,1080.92
Lato,2025-07-01,20,1660.49
Lato,2025-07-01,21,1450.21
Lato,2025-07-01,22,818.63
Lato,2025-07-01,23,578.79
Lato,2025-07-02,0,508.11
Lato,2025-07-02,1,449.46
Lato,2025-07-02,2,415.92
Lato,2025-07-02,3,412.41
Lato,2025-07-02,4,416.72
Lato,2025-07-02,5,439.67
Lato,2025-07-02,6,513.32
Lato,2025-07-02,7,516.63
Lato,2025-07-02,8,455.93
Lato,2025-07-02,9,358.17
Lato,2025-07-02,10,243.46
Lato,2025-07-02,11,63.94
Lato,2025-07-02,12,21.75
Lato,2025-07-02,13,45.42
Lato,2025-07-02,14,76.66
Lato,2025-07-02,15,258.22
Lato,2025-07-02,16,347.64
Lato,2025-07-02,17,517.04
Lato,2025-07-02,18,741.69
Lato,2025-07-02,19,1390.37
Lato,2025-07-02,20,1724.06
Lato,2025-07-02,21,1035.9
Lato,2025-07-02,22,629.36
Lato,2025-07-02,23,499.26
Lato,2025-07-03,0,462.12
Lato,2025-07-03,1,426.45
Lato,2025-07-03,2,403.94
Lato,2025-07-03,3,398.72
Lato,2025-07-03,4,378.66
Lato,2025-07-03,5,400.73
Lato,2025-07-03,6,448.66
Lato,2025-07-03,7,437.98
Lato,2025-07-03,8,422.86
Lato,2025-07-03,9,342.08
Lato,2025-07-03,10,237.52
Lato,2025-07-03,11,144.61
Lato,2025-07-03,12,79.46
Lato,2025-07-03,13,49.08
Lato,2025-07-03,14,63.04
Lato,2025-07-03,15,155.29
Lato,2025-07-03,16,275.3
Lato,2025-07-03,17,378.05
Lato,2025-07-03,18,612.62
Lato,2025-07-03,19,693.89
Lato,2025-07-03,20,856.93
Lato,2025-07-03,21,730.52
Lato,2025-07-03,22,566.73
Lato,2025-07-03,23,480.76
Lato,2025-07-04,0,461.98
Lato,2025-07-04,1,443.01
Lato,2025-07-04,2,435.99
Lato,2025-07-04,3,428.48
Lato,2025-07-04,4,438.66
Lato,2025-07-04,5,461.4
Lato,2025-07-04,6,539.17
Lato,2025-07-04,7,515.2
Lato,2025-07-04,8,449.52
Lato,2025-07-04,9,433.89
Lato,2025-07-04,10,307.65
Lato,2025-07-04,11,230.31
Lato,2025-07-04,12,127.85
Lato,2025-07-04,13,62.74
Lato,2025-07-04,14,61.99
Lato,2025-07-04,15,130.25
Lato,2025-07-04,16,270.23
Lato,2025-07-04,17,401.47
Lato,2025-07-04,18,506.53
Lato,2025-07-04,19,728.64
Lato,2025-07-04,20,1002.94
Lato,2025-07-04,21,753.54
Lato,2025-07-04,22,581.4
Lato,2025-07-04,23,489.96
Lato,2025-07-05,0,495.18
Lato,2025-07-05,1,466.93
Lato,2025-07-05,2,440.03
Lato,2025-07-05,3,421.75
Lato,2025-07-05,4,406.19
Lato,2025-07-05,5,427.85
Lato,2025-07-05,6,433.37
Lato,2025-07-05,7,428.02
Lato,2025-07-05,8,316.35
Lato,2025-07-05,9,79.89
Lato,2025-07-05,10,0.01
Lato,2025-07-05,11,-0.19
Lato,2025-07-05,12,-3.81
Lato,2025-07-05,13,-2.52
Lato,2025-07-05,14,-4.34
Lato,2025-07-05,15,12.03
Lato,2025-07-05,16,282.62
Lato,2025-07-05,17,470.68
Lato,2025-07-05,18,530.58
Lato,2025-07-05,19,600.56
Lato,2025-07-05,20,714.72
Lato,2025-07-05,21,577.7
Lato,2025-07-05,22,490.77
Lato,2025-07-05,23,450.87
Lato,2025-07-06,0,446.37
Lato,2025-07-06,1,416.46
Lato,2025-07-06,2,402.52
Lato,2025-07-06,3,411.78
Lato,2025-07-06,4,391.65
Lato,2025-07-06,5,396.01
Lato,2025-07-06,6,394.11
Lato,2025-07-06,7,417.7
Lato,2025-07-06,8,284.62
Lato,2025-07-06,9,142.34
Lato,2025-07-06,10,66.58
Lato,2025-07-06,11,21.76
Lato,2025-07-06,12,14.72
Lato,2025-07-06,13,13.38
Lato,2025-07-06,14,18.78
Lato,2025-07-06,15,73.4
Lato,2025-07-06,16,242.09
Lato,2025-07-06,17,440.96
Lato,2025-07-06,18,508.43
Lato,2025-07-06,19,606.36
Lato,2025-07-06,20,751.7
Lato,2025-07-06,21,673.84
Lato,2025-07-06,22,549.18
Lato,2025-07-06,23,475.61
Lato,2025-07-07,0,467.58
Lato,2025-07-07,1,426.97
Lato,2025-07-07,2,401.09
Lato,2025-07-07,3,398.29
Lato,2025-07-07,4,411.45
Lato,2025-07-07,5,442.48
Lato,2025-07-07,6,549.49
Lato,2025-07-07,7,594.62
Lato,2025-07-07,8,588.18
Lato,2025-07-07,9,511.17
Lato,2025-07-07,10,444.77
Lato,2025-07-07,11,437.19
Lato,2025-07-07,12,394.27
Lato,2025-07-07,13,383.0
Lato,2025-07-07,14,400.98
Lato,2025-07-07,15,430.59
Lato,2025-07-07,16,462.14
Lato,2025-07-07,17,575.68
Lato,2025-07-07,18,702.38
Lato,2025-07-07,19,1043.1
Lato,2025-07-07,20,1173.88
Lato,2025-07-07,21,829.33
Lato,2025-07-07,22,526.82
Lato,2025-07-07,23,440.04
Lato,2025-07-08,0,466.39
Lato,2025-07-08,1,433.43
Lato,2025-07-08,2,419.47
Lato,2025-07-08,3,419.51
Lato,2025-07-08,4,427.24
Lato,2025-07-08,5,433.77
Lato,2025-07-08,6,516.19
Lato,2025-07-08,7,523.41
Lato,2025-07-08,8,495.53
Lato,2025-07-08,9,433.39
Lato,2025-07-08,10,416.78
Lato,2025-07-08,11,410.09
Lato,2025-07-08,12,413.29
Lato,2025-07-08,13,420.78
Lato,2025-07-08,14,431.97
Lato,2025-07-08,15,438.19
Lato,2025-07-08,16,455.3
Lato,2025-07-08,17,546.04
Lato,2025-07-08,18,601.02
Lato,2025-07-08,19,738.25
Lato,2025-07-08,20,770.58
Lato,2025-07-08,21,601.7
Lato,2025-07-08,22,505.5
Lato,2025-07-08,23,437.49
Lato,2025-07-09,0,428.6
Lato,2025-07-09,1,429.94
Lato,2025-07-09,2,420.86
Lato,2025-07-09,3,417.15
Lato,2025-07-09,4,406.86
Lato,2025-07-09,5,427.8
Lato,2025-07-09,6,492.54
Lato,2025-07-09,7,507.86
Lato,2025-07-09,8,494.5
Lato,2025-07-09,9,446.09
Lato,2025-07-09,10,459.07
Lato,2025-07-09,11,456.21
Lato,2025-07-09,12,443.14
Lato,2025-07-09,13,493.65
Lato,2025-07-09,14,467.61
Lato,2025-07-09,15,502.85
Lato,2025-07-09,16,500.09
Lato,2025-07-09,17,507.29
Lato,2025-07-09,18,556.02
Lato,2025-07-09,19,582.34
Lato,2025-07-09,20,657.39
Lato,2025-07-09,21,616.76
Lato,2025-07-09,22,525.96
Lato,2025-07-09,23,468.29
Lato,2025-07-10,0,438.24
Lato,2025-07-10,1,431.73
Lato,2025-07-10,2,425.95
Lato,2025-07-10,3,417.03
Lato,2025-07-10,4,413.64
Lato,2025-07-10,5,432.19
Lato,2025-07-10,6,493.24
Lato,2025-07-10,7,491.26
Lato,2025-07-10,8,458.75
Lato,2025-07-10,9,399.96
Lato,2025-07-10,10,313.25
Lato,2025-07-10,11,251.77
Lato,2025-07-10,12,192.07
Lato,2025-07-10,13,170.82
Lato,2025-07-10,14,187.95
Lato,2025-07-10,15,233.0
Lato,2025-07-10,16,308.01
Lato,2025-07-10,17,383.56
Lato,2025-07-10,18,501.9
Lato,2025-07-10,19,526.17
Lato,2025-07-10,20,630.65
Lato,2025-07-10,21,616.28
Lato,2025-07-10,22,523.67
Lato,2025-07-10,23,456.78
Lato,2025-07-11,0,436.64
Lato,2025-07-11,1,410.12
Lato,2025-07-11,2,396.27
Lato,2025-07-11,3,390.19
Lato,2025-07-11,4,388.42
Lato,2025-07-11,5,412.12
Lato,2025-07-11,6,468.25
Lato,2025-07-11,7,464.82
Lato,2025-07-11,8,448.79
Lato,2025-07-11,9,424.62
Lato,2025-07-11,10,401.26
Lato,2025-07-11,11,425.85
Lato,2025-07-11,12,463.09
Lato,2025-07-11,13,483.49
Lato,2025-07-11,14,488.75
Lato,2025-07-11,15,487.3
Lato,2025-07-11,16,482.99
Lato,2025-07-11,17,448.57
Lato,2025-07-11,18,482.66
Lato,2025-07-11,19,519.67
Lato,2025-07-11,20,577.15
Lato,2025-07-11,21,555.79
Lato,2025-07-11,22,501.28
Lato,2025-07-11,23,440.68
Lato,2025-07-12,0,456.62
Lato,2025-07-12,1,436.21
Lato,2025-07-12,2,427.52
Lato,2025-07-12,3,436.07
Lato,2025-07-12,4,434.08
Lato,2025-07-12,5,424.38
Lato,2025-07-12,6,462.29
Lato,2025-07-12,7,505.93
Lato,2025-07-12,8,538.79
Lato,2025-07-12,9,495.43
Lato,2025-07-12,10,449.79
Lato,2025-07-12,11,419.22
Lato,2025-07-12,12,409.95
Lato,2025-07-12,13,396.48
Lato,2025-07-12,14,421.25
Lato,2025-07-12,15,429.19
Lato,2025-07-12,16,439.68
Lato,2025-07-12,17,481.74
Lato,2025-07-12,18,510.6
Lato,2025-07-12,19,491.66
Lato,2025-07-12,20,535.82
Lato,2025-07-12,21,534.28
Lato,2025-07-12,22,512.92
Lato,2025-07-12,23,472.1
Lato,2025-07-13,0,470.32
Lato,2025-07-13,1,451.46
Lato,2025-07-13,2,450.62
Lato,2025-07-13,3,443.8
Lato,2025-07-13,4,433.6
Lato,2025-07-13,5,425.92
Lato,2025-07-13,6,402.9
Lato,2025-07-13,7,387.67
Lato,2025-07-13,8,347.3
Lato,2025-07-13,9,206.18
Lato,2025-07-13,10,71.05
Lato,2025-07-13,11,15.22
Lato,2025-07-13,12,5.12
Lato,2025-07-13,13,0.58
Lato,2025-07-13,14,3.63
Lato,2025-07-13,15,32.44
Lato,2025-07-13,16,311.52
Lato,2025-07-13,17,451.05
Lato,2025-07-13,18,523.82
Lato,2025-07-13,19,519.97
Lato,2025-07-13,20,582.87
Lato,2025-07-13,21,589.74
Lato,2025-07-13,22,550.99
Lato,2025-07-13,23,505.04
Lato,2025-07-14,0,476.85
Lato,2025-07-14,1,446.28
Lato,2025-07-14,2,433.74
Lato,2025-07-14,3,420.56
Lato,2025-07-14,4,429.59
Lato,2025-07-14,5,464.58
Lato,2025-07-14,6,530.4
Lato,2025-07-14,7,533.96
Lato,2025-07-14,8,472.94
Lato,2025-07-14,9,408.37
Lato,2025-07-14,10,343.56
Lato,2025-07-14,11,323.41
Lato,2025-07-14,12,290.28
Lato,2025-07-14,13,265.89
Lato,2025-07-14,14,285.69
Lato,2025-07-14,15,354.95
Lato,2025-07-14,16,383.15
Lato,2025-07-14,17,438.59
Lato,2025-07-14,18,601.59
Lato,2025-07-14,19,973.84
Lato,2025-07-14,20,1293.3
Lato,2025-07-14,21,1023.33
Lato,2025-07-14,22,591.68
Lato,2025-07-14,23,492.63
Lato,2025-07-15,0,481.79
Lato,2025-07-15,1,446.38
Lato,2025-07-15,2,412.57
Lato,2025-07-15,3,403.81
Lato,2025-07-15,4,402.6
Lato,2025-07-15,5,425.57
Lato,2025-07-15,6,483.89
Lato,2025-07-15,7,487.76
Lato,2025-07-15,8,445.96
Lato,2025-07-15,9,373.99
Lato,2025-07-15,10,301.88
Lato,2025-07-15,11,257.98
Lato,2025-07-15,12,232.77
Lato,2025-07-15,13,260.49
Lato,2025-07-15,14,250.08
Lato,2025-07-15,15,343.3
Lato,2025-07-15,16,387.01
Lato,2025-07-15,17,446.11
Lato,2025-07-15,18,592.09
Lato,2025-07-15,19,823.97
Lato,2025-07-15,20,917.47
Lato,2025-07-15,21,719.92
Lato,2025-07-15,22,531.11
Lato,2025-07-15,23,470.94
Lato,2025-07-16,0,443.33
Lato,2025-07-16,1,408.05
Lato,2025-07-16,2,405.2
Lato,2025-07-16,3,404.02
Lato,2025-07-16,4,401.66
Lato,2025-07-16,5,409.62
Lato,2025-07-16,6,466.48
Lato,2025-07-16,7,480.97
Lato,2025-07-16,8,470.38
Lato,2025-07-16,9,425.04
Lato,2025-07-16,10,366.06
Lato,2025-07-16,11,332.28
Lato,2025-07-16,12,304.33
Lato,2025-07-16,13,284.72
Lato,2025-07-16,14,279.16
Lato,2025-07-16,15,329.0
Lato,2025-07-16,16,389.1
Lato,2025-07-16,17,447.72
Lato,2025-07-16,18,511.26
Lato,2025-07-16,19,693.29
Lato,2025-07-16,20,825.09
Lato,2025-07-16,21,672.18
Lato,2025-07-16,22,529.83
Lato,2025-07-16,23,475.06
Lato,2025-07-17,0,457.83
Lato,2025-07-17,1,432.23
Lato,2025-07-17,2,406.94
Lato,2025-07-17,3,411.28
Lato,2025-07-17,4,415.16
Lato,2025-07-17,5,430.85
Lato,2025-07-17,6,491.15
Lato,2025-07-17,7,501.91
Lato,2025-07-17,8,470.17
Lato,2025-07-17,9,506.88
Lato,2025-07-17,10,471.59
Lato,2025-07-17,11,459.86
Lato,2025-07-17,12,442.01
Lato,2025-07-17,13,466.3
Lato,2025-07-17,14,479.66
Lato,2025-07-17,15,493.8
Lato,2025-07-17,16,483.68
Lato,2025-07-17,17,475.24
Lato,2025-07-17,18,596.84
Lato,2025-07-17,19,707.24
Lato,2025-07-17,20,772.86
Lato,2025-07-17,21,621.05
Lato,2025-07-17,22,535.71
Lato,2025-07-17,23,481.31
Lato,2025-07-18,0,471.57
Lato,2025-07-18,1,442.61
Lato,2025-07-18,2,432.57
Lato,2025-07-18,3,428.8
Lato,2025-07-18,4,430.65
Lato,2025-07-18,5,455.7
Lato,2025-07-18,6,515.72
Lato,2025-07-18,7,516.7
Lato,2025-07-18,8,477.28
Lato,2025-07-18,9,429.68
Lato,2025-07-18,10,389.93
Lato,2025-07-18,11,364.16
Lato,2025-07-18,12,349.13
Lato,2025-07-18,13,359.55
Lato,2025-07-18,14,379.19
Lato,2025-07-18,15,397.98
Lato,2025-07-18,16,402.93
Lato,2025-07-18,17,429.15
Lato,2025-07-18,18,519.86
Lato,2025-07-18,19,629.57
Lato,2025-07-18,20,727.46
Lato,2025-07-18,21,661.43
Lato,2025-07-18,22,540.66
Lato,2025-07-18,23,486.06
Lato,2025-07-19,0,479.97
Lato,2025-07-19,1,454.48
Lato,2025-07-19,2,435.24
Lato,2025-07-19,3,432.47
Lato,2025-07-19,4,417.02
Lato,2025-07-19,5,414.08
Lato,2025-07-19,6,421.51
Lato,2025-07-19,7,415.31
Lato,2025-07-19,8,388.63
Lato,2025-07-19,9,322.86
Lato,2025-07-19,10,155.01
Lato,2025-07-19,11,191.42
Lato,2025-07-19,12,111.29
Lato,2025-07-19,13,123.55
Lato,2025-07-19,14,161.74
Lato,2025-07-19,15,281.22
Lato,2025-07-19,16,351.37
Lato,2025-07-19,17,413.31
Lato,2025-07-19,18,473.44
Lato,2025-07-19,19,518.06
Lato,2025-07-19,20,569.4
Lato,2025-07-19,21,599.42
Lato,2025-07-19,22,512.55
Lato,2025-07-19,23,476.8
Lato,2025-07-20,0,464.08
Lato,2025-07-20,1,430.92
Lato,2025-07-20,2,427.03
Lato,2025-07-20,3,420.65
Lato,2025-07-20,4,420.17
Lato,2025-07-20,5,414.16
Lato,2025-07-20,6,403.6
Lato,2025-07-20,7,419.71
Lato,2025-07-20,8,341.41
Lato,2025-07-20,9,165.67
Lato,2025-07-20,10,21.26
Lato,2025-07-20,11,2.72
Lato,2025-07-20,12,-2.43
Lato,2025-07-20,13,-4.52
Lato,2025-07-20,14,-0.54
Lato,2025-07-20,15,21.76
Lato,2025-07-20,16,237.19
Lato,2025-07-20,17,398.38
Lato,2025-07-20,18,479.46
Lato,2025-07-20,19,533.22
Lato,2025-07-20,20,620.29
Lato,2025-07-20,21,661.87
Lato,2025-07-20,22,541.89
Lato,2025-07-20,23,480.58
Lato,2025-07-21,0,441.45
Lato,2025-07-21,1,422.76
Lato,2025-07-21,2,402.48
Lato,2025-07-21,3,402.15
Lato,2025-07-21,4,400.76
Lato,2025-07-21,5,421.82
Lato,2025-07-21,6,498.61
Lato,2025-07-21,7,529.66
Lato,2025-07-21,8,496.13
Lato,2025-07-21,9,439.18
Lato,2025-07-21,10,398.31
Lato,2025-07-21,11,379.64
Lato,2025-07-21,12,350.66
Lato,2025-07-21,13,345.95
Lato,2025-07-21,14,359.05
Lato,2025-07-21,15,375.0
Lato,2025-07-21,16,403.15
Lato,2025-07-21,17,450.25
Lato,2025-07-21,18,585.34
Lato,2025-07-21,19,696.86
Lato,2025-07-21,20,735.17
Lato,2025-07-21,21,584.09
Lato,2025-07-21,22,486.85
Lato,2025-07-21,23,428.16
Lato,2025-07-22,0,429.99
Lato,2025-07-22,1,419.36
Lato,2025-07-22,2,418.23
Lato,2025-07-22,3,416.34
Lato,2025-07-22,4,413.48
Lato,2025-07-22,5,416.56
Lato,2025-07-22,6,465.95
Lato,2025-07-22,7,461.74
Lato,2025-07-22,8,428.95
Lato,2025-07-22,9,392.05
Lato,2025-07-22,10,325.26
Lato,2025-07-22,11,266.65
Lato,2025-07-22,12,140.48
Lato,2025-07-22,13,51.88
Lato,2025-07-22,14,63.72
Lato,2025-07-22,15,131.64
Lato,2025-07-22,16,305.21
Lato,2025-07-22,17,398.9
Lato,2025-07-22,18,473.67
Lato,2025-07-22,19,560.93
Lato,2025-07-22,20,662.0
Lato,2025-07-22,21,571.53
Lato,2025-07-22,22,475.83
Lato,2025-07-22,23,428.92
Lato,2025-07-23,0,415.59
Lato,2025-07-23,1,410.28
Lato,2025-07-23,2,405.83
Lato,2025-07-23,3,404.05
Lato,2025-07-23,4,404.82
Lato,2025-07-23,5,405.86
Lato,2025-07-23,6,438.12
Lato,2025-07-23,7,432.64
Lato,2025-07-23,8,406.42
Lato,2025-07-23,9,348.86
Lato,2025-07-23,10,263.87
Lato,2025-07-23,11,194.77
Lato,2025-07-23,12,146.78
Lato,2025-07-23,13,153.49
Lato,2025-07-23,14,203.88
Lato,2025-07-23,15,312.08
Lato,2025-07-23,16,370.0
Lato,2025-07-23,17,426.62
Lato,2025-07-23,18,502.84
Lato,2025-07-23,19,738.43
Lato,2025-07-23,20,769.02
Lato,2025-07-23,21,633.02
Lato,2025-07-23,22,496.22
Lato,2025-07-23,23,449.31
Lato,2025-07-24,0,432.75
Lato,2025-07-24,1,414.1
Lato,2025-07-24,2,401.82
Lato,2025-07-24,3,397.85
Lato,2025-07-24,4,405.99
Lato,2025-07-24,5,421.25
Lato,2025-07-24,6,480.94
Lato,2025-07-24,7,495.49
Lato,2025-07-24,8,461.75
Lato,2025-07-24,9,413.07
Lato,2025-07-24,10,380.71
Lato,2025-07-24,11,355.34
Lato,2025-07-24,12,335.19
Lato,2025-07-24,13,308.02
Lato,2025-07-24,14,323.73
Lato,2025-07-24,15,339.05
Lato,2025-07-24,16,385.44
Lato,2025-07-24,17,478.6
Lato,2025-07-24,18,574.04
Lato,2025-07-24,19,823.14
Lato,2025-07-24,20,931.59
Lato,2025-07-24,21,702.59
Lato,2025-07-24,22,556.31
Lato,2025-07-24,23,481.89
Lato,2025-07-25,0,474.08
Lato,2025-07-25,1,446.52
Lato,2025-07-25,2,429.52
Lato,2025-07-25,3,421.8
Lato,2025-07-25,4,428.54
Lato,2025-07-25,5,441.15
Lato,2025-07-25,6,488.01
Lato,2025-07-25,7,494.64
Lato,2025-07-25,8,483.46
Lato,2025-07-25,9,479.01
Lato,2025-07-25,10,429.56
Lato,2025-07-25,11,396.99
Lato,2025-07-25,12,386.27
Lato,2025-07-25,13,379.7
Lato,2025-07-25,14,386.68
Lato,2025-07-25,15,399.69
Lato,2025-07-25,16,421.77
Lato,2025-07-25,17,460.47
Lato,2025-07-25,18,634.38
Lato,2025-07-25,19,841.85
Lato,2025-07-25,20,950.96
Lato,2025-07-25,21,724.64
Lato,2025-07-25,22,569.41
Lato,2025-07-25,23,484.18
Lato,2025-07-26,0,510.1
Lato,2025-07-26,1,478.2
Lato,2025-07-26,2,455.6
Lato,2025-07-26,3,462.88
Lato,2025-07-26,4,449.69
Lato,2025-07-26,5,456.22
Lato,2025-07-26,6,468.22
Lato,2025-07-26,7,473.82
Lato,2025-07-26,8,435.56
Lato,2025-07-26,9,363.18
Lato,2025-07-26,10,319.34
Lato,2025-07-26,11,254.58
Lato,2025-07-26,12,222.7
Lato,2025-07-26,13,175.95
Lato,2025-07-26,14,197.98
Lato,2025-07-26,15,275.66
Lato,2025-07-26,16,403.7
Lato,2025-07-26,17,500.53
Lato,2025-07-26,18,577.49
Lato,2025-07-26,19,578.09
Lato,2025-07-26,20,662.13
Lato,2025-07-26,21,631.94
Lato,2025-07-26,22,538.41
Lato,2025-07-26,23,493.16
Lato,2025-07-27,0,453.25
Lato,2025-07-27,1,428.78
Lato,2025-07-27,2,411.85
Lato,2025-07-27,3,399.4
Lato,2025-07-27,4,398.74
Lato,2025-07-27,5,400.11
Lato,2025-07-27,6,395.58
Lato,2025-07-27,7,399.41
Lato,2025-07-27,8,437.35
Lato,2025-07-27,9,416.06
Lato,2025-07-27,10,406.93
Lato,2025-07-27,11,396.7
Lato,2025-07-27,12,393.2
Lato,2025-07-27,13,394.92
Lato,2025-07-27,14,408.34
Lato,2025-07-27,15,409.26
Lato,2025-07-27,16,458.52
Lato,2025-07-27,17,486.9
Lato,2025-07-27,18,472.33
Lato,2025-07-27,19,492.8
Lato,2025-07-27,20,602.81
Lato,2025-07-27,21,577.52
Lato,2025-07-27,22,514.28
Lato,2025-07-27,23,450.65
Lato,2025-07-28,0,416.3
Lato,2025-07-28,1,386.96
Lato,2025-07-28,2,392.92
Lato,2025-07-28,3,390.2
Lato,2025-07-28,4,395.21
Lato,2025-07-28,5,390.24
Lato,2025-07-28,6,469.63
Lato,2025-07-28,7,503.01
Lato,2025-07-28,8,491.39
Lato,2025-07-28,9,523.93
Lato,2025-07-28,10,470.98
Lato,2025-07-28,11,465.17
Lato,2025-07-28,12,440.41
Lato,2025-07-28,13,416.41
Lato,2025-07-28,14,407.06
Lato,2025-07-28,15,407.25
Lato,2025-07-28,16,407.44
Lato,2025-07-28,17,418.22
Lato,2025-07-28,18,470.08
Lato,2025-07-28,19,496.92
Lato,2025-07-28,20,556.78
Lato,2025-07-28,21,501.23
Lato,2025-07-28,22,458.9
Lato,2025-07-28,23,402.48
Lato,2025-07-29,0,379.12
Lato,2025-07-29,1,356.73
Lato,2025-07-29,2,348.87
Lato,2025-07-29,3,351.71
Lato,2025-07-29,4,357.0
Lato,2025-07-29,5,376.73
Lato,2025-07-29,6,433.3
Lato,2025-07-29,7,444.99
Lato,2025-07-29,8,418.32
Lato,2025-07-29,9,357.44
Lato,2025-07-29,10,295.68
Lato,2025-07-29,11,234.8
Lato,2025-07-29,12,162.51
Lato,2025-07-29,13,96.59
Lato,2025-07-29,14,100.09
Lato,2025-07-29,15,176.7
Lato,2025-07-29,16,331.65
Lato,2025-07-29,17,427.12
Lato,2025-07-29,18,504.34
Lato,2025-07-29,19,652.75
Lato,2025-07-29,20,826.51
Lato,2025-07-29,21,619.71
Lato,2025-07-29,22,514.15
Lato,2025-07-29,23,452.71
Lato,2025-07-30,0,417.98
Lato,2025-07-30,1,402.09
Lato,2025-07-30,2,399.2
Lato,2025-07-30,3,402.01
Lato,2025-07-30,4,401.77
Lato,2025-07-30,5,413.96
Lato,2025-07-30,6,450.98
Lato,2025-07-30,7,442.55
Lato,2025-07-30,8,419.47
Lato,2025-07-30,9,349.39
Lato,2025-07-30,10,282.12
Lato,2025-07-30,11,222.14
Lato,2025-07-30,12,158.42
Lato,2025-07-30,13,162.27
Lato,2025-07-30,14,207.46
Lato,2025-07-30,15,243.49
Lato,2025-07-30,16,329.7
Lato,2025-07-30,17,389.63
Lato,2025-07-30,18,513.6
Lato,2025-07-30,19,670.32
Lato,2025-07-30,20,835.99
Lato,2025-07-30,21,665.79
Lato,2025-07-30,22,509.37
Lato,2025-07-30,23,447.76
Jesien,2025-10-01,0,418.86
Jesien,2025-10-01,1,430.58
Jesien,2025-10-01,2,429.82
Jesien,2025-10-01,3,420.63
Jesien,2025-10-01,4,420.2
Jesien,2025-10-01,5,440.04
Jesien,2025-10-01,6,621.38
Jesien,2025-10-01,7,860.9
Jesien,2025-10-01,8,700.08
Jesien,2025-10-01,9,482.42
Jesien,2025-10-01,10,405.65
Jesien,2025-10-01,11,373.05
Jesien,2025-10-01,12,368.9
Jesien,2025-10-01,13,389.83
Jesien,2025-10-01,14,400.56
Jesien,2025-10-01,15,429.49
Jesien,2025-10-01,16,475.28
Jesien,2025-10-01,17,709.8
Jesien,2025-10-01,18,1161.73
Jesien,2025-10-01,19,1718.61
Jesien,2025-10-01,20,785.7
Jesien,2025-10-01,21,520.38
Jesien,2025-10-01,22,456.04
Jesien,2025-10-01,23,423.13
Jesien,2025-10-02,0,403.53
Jesien,2025-10-02,1,403.07
Jesien,2025-10-02,2,399.86
Jesien,2025-10-02,3,398.79
Jesien,2025-10-02,4,403.26
Jesien,2025-10-02,5,425.79
Jesien,2025-10-02,6,576.98
Jesien,2025-10-02,7,762.84
Jesien,2025-10-02,8,571.58
Jesien,2025-10-02,9,425.98
Jesien,2025-10-02,10,370.85
Jesien,2025-10-02,11,313.87
Jesien,2025-10-02,12,270.49
Jesien,2025-10-02,13,321.4
Jesien,2025-10-02,14,375.97
Jesien,2025-10-02,15,418.12
Jesien,2025-10-02,16,436.42
Jesien,2025-10-02,17,647.09
Jesien,2025-10-02,18,913.06
Jesien,2025-10-02,19,1114.34
Jesien,2025-10-02,20,671.71
Jesien,2025-10-02,21,492.34
Jesien,2025-10-02,22,459.75
Jesien,2025-10-02,23,415.31
Jesien,2025-10-03,0,414.61
Jesien,2025-10-03,1,428.19
Jesien,2025-10-03,2,422.47
Jesien,2025-10-03,3,418.06
Jesien,2025-10-03,4,425.88
Jesien,2025-10-03,5,447.82
Jesien,2025-10-03,6,659.12
Jesien,2025-10-03,7,776.66
Jesien,2025-10-03,8,522.37
Jesien,2025-10-03,9,401.32
Jesien,2025-10-03,10,331.68
Jesien,2025-10-03,11,268.91
Jesien,2025-10-03,12,291.87
Jesien,2025-10-03,13,360.16
Jesien,2025-10-03,14,387.2
Jesien,2025-10-03,15,432.71
Jesien,2025-10-03,16,450.19
Jesien,2025-10-03,17,638.48
Jesien,2025-10-03,18,821.72
Jesien,2025-10-03,19,891.72
Jesien,2025-10-03,20,602.13
Jesien,2025-10-03,21,459.43
Jesien,2025-10-03,22,432.71
Jesien,2025-10-03,23,388.33
Jesien,2025-10-04,0,427.39
Jesien,2025-10-04,1,396.5
Jesien,2025-10-04,2,387.34
Jesien,2025-10-04,3,389.91
Jesien,2025-10-04,4,398.61
Jesien,2025-10-04,5,388.58
Jesien,2025-10-04,6,380.82
Jesien,2025-10-04,7,378.88
Jesien,2025-10-04,8,248.64
Jesien,2025-10-04,9,17.54
Jesien,2025-10-04,10,6.58
Jesien,2025-10-04,11,-1.6
Jesien,2025-10-04,12,-9.1
Jesien,2025-10-04,13,-0.22
Jesien,2025-10-04,14,11.82
Jesien,2025-10-04,15,23.01
Jesien,2025-10-04,16,207.27
Jesien,2025-10-04,17,369.14
Jesien,2025-10-04,18,375.18
Jesien,2025-10-04,19,412.42
Jesien,2025-10-04,20,357.59
Jesien,2025-10-04,21,320.64
Jesien,2025-10-04,22,214.06
Jesien,2025-10-04,23,15.23
Jesien,2025-10-05,0,8.5
Jesien,2025-10-05,1,2.35
Jesien,2025-10-05,2,-0.1
Jesien,2025-10-05,3,-0.13
Jesien,2025-10-05,4,-0.15
Jesien,2025-10-05,5,-0.59
Jesien,2025-10-05,6,-0.17
Jesien,2025-10-05,7,1.27
Jesien,2025-10-05,8,0.0
Jesien,2025-10-05,9,6.64
Jesien,2025-10-05,10,5.85
Jesien,2025-10-05,11,4.27
Jesien,2025-10-05,12,5.91
Jesien,2025-10-05,13,4.29
Jesien,2025-10-05,14,3.63
Jesien,2025-10-05,15,6.02
Jesien,2025-10-05,16,230.94
Jesien,2025-10-05,17,405.44
Jesien,2025-10-05,18,405.62
Jesien,2025-10-05,19,434.07
Jesien,2025-10-05,20,372.38
Jesien,2025-10-05,21,381.23
Jesien,2025-10-05,22,307.84
Jesien,2025-10-05,23,157.86
Jesien,2025-10-06,0,95.97
Jesien,2025-10-06,1,165.53
Jesien,2025-10-06,2,120.84
Jesien,2025-10-06,3,125.09
Jesien,2025-10-06,4,151.49
Jesien,2025-10-06,5,242.18
Jesien,2025-10-06,6,371.8
Jesien,2025-10-06,7,437.37
Jesien,2025-10-06,8,458.27
Jesien,2025-10-06,9,444.0
Jesien,2025-10-06,10,391.49
Jesien,2025-10-06,11,364.03
Jesien,2025-10-06,12,349.28
Jesien,2025-10-06,13,358.99
Jesien,2025-10-06,14,384.27
Jesien,2025-10-06,15,410.38
Jesien,2025-10-06,16,463.39
Jesien,2025-10-06,17,564.45
Jesien,2025-10-06,18,603.63
Jesien,2025-10-06,19,773.88
Jesien,2025-10-06,20,554.14
Jesien,2025-10-06,21,455.72
Jesien,2025-10-06,22,473.63
Jesien,2025-10-06,23,427.34
Jesien,2025-10-07,0,427.15
Jesien,2025-10-07,1,427.29
Jesien,2025-10-07,2,427.01
Jesien,2025-10-07,3,431.06
Jesien,2025-10-07,4,448.18
Jesien,2025-10-07,5,436.34
Jesien,2025-10-07,6,589.66
Jesien,2025-10-07,7,934.29
Jesien,2025-10-07,8,1063.25
Jesien,2025-10-07,9,759.68
Jesien,2025-10-07,10,551.48
Jesien,2025-10-07,11,480.51
Jesien,2025-10-07,12,447.43
Jesien,2025-10-07,13,436.56
Jesien,2025-10-07,14,440.57
Jesien,2025-10-07,15,468.62
Jesien,2025-10-07,16,535.52
Jesien,2025-10-07,17,699.66
Jesien,2025-10-07,18,940.33
Jesien,2025-10-07,19,1166.47
Jesien,2025-10-07,20,660.58
Jesien,2025-10-07,21,535.34
Jesien,2025-10-07,22,470.63
Jesien,2025-10-07,23,438.13
Jesien,2025-10-08,0,460.31
Jesien,2025-10-08,1,462.19
Jesien,2025-10-08,2,452.17
Jesien,2025-10-08,3,450.91
Jesien,2025-10-08,4,450.68
Jesien,2025-10-08,5,451.28
Jesien,2025-10-08,6,517.25
Jesien,2025-10-08,7,703.23
Jesien,2025-10-08,8,720.15
Jesien,2025-10-08,9,549.68
Jesien,2025-10-08,10,477.36
Jesien,2025-10-08,11,450.95
Jesien,2025-10-08,12,437.88
Jesien,2025-10-08,13,450.26
Jesien,2025-10-08,14,454.56
Jesien,2025-10-08,15,460.37
Jesien,2025-10-08,16,512.74
Jesien,2025-10-08,17,655.46
Jesien,2025-10-08,18,852.43
Jesien,2025-10-08,19,983.71
Jesien,2025-10-08,20,654.1
Jesien,2025-10-08,21,493.92
Jesien,2025-10-08,22,492.87
Jesien,2025-10-08,23,444.61
Jesien,2025-10-09,0,452.04
Jesien,2025-10-09,1,453.17
Jesien,2025-10-09,2,452.71
Jesien,2025-10-09,3,451.23
Jesien,2025-10-09,4,451.47
Jesien,2025-10-09,5,455.53
Jesien,2025-10-09,6,540.75
Jesien,2025-10-09,7,694.16
Jesien,2025-10-09,8,683.68
Jesien,2025-10-09,9,557.5
Jesien,2025-10-09,10,467.39
Jesien,2025-10-09,11,420.75
Jesien,2025-10-09,12,412.98
Jesien,2025-10-09,13,419.42
Jesien,2025-10-09,14,430.17
Jesien,2025-10-09,15,450.26
Jesien,2025-10-09,16,462.55
Jesien,2025-10-09,17,509.77
Jesien,2025-10-09,18,532.86
Jesien,2025-10-09,19,576.54
Jesien,2025-10-09,20,473.18
Jesien,2025-10-09,21,412.89
Jesien,2025-10-09,22,417.77
Jesien,2025-10-09,23,376.88
Jesien,2025-10-10,0,355.16
Jesien,2025-10-10,1,329.41
Jesien,2025-10-10,2,301.06
Jesien,2025-10-10,3,281.82
Jesien,2025-10-10,4,286.99
Jesien,2025-10-10,5,318.04
Jesien,2025-10-10,6,416.35
Jesien,2025-10-10,7,458.11
Jesien,2025-10-10,8,481.54
Jesien,2025-10-10,9,433.23
Jesien,2025-10-10,10,360.87
Jesien,2025-10-10,11,320.25
Jesien,2025-10-10,12,292.65
Jesien,2025-10-10,13,282.61
Jesien,2025-10-10,14,316.21
Jesien,2025-10-10,15,366.96
Jesien,2025-10-10,16,421.41
Jesien,2025-10-10,17,447.95
Jesien,2025-10-10,18,473.56
Jesien,2025-10-10,19,473.12
Jesien,2025-10-10,20,434.6
Jesien,2025-10-10,21,394.13
Jesien,2025-10-10,22,394.87
Jesien,2025-10-10,23,368.12
Jesien,2025-10-11,0,397.85
Jesien,2025-10-11,1,382.17
Jesien,2025-10-11,2,368.09
Jesien,2025-10-11,3,356.24
Jesien,2025-10-11,4,352.77
Jesien,2025-10-11,5,365.86
Jesien,2025-10-11,6,386.13
Jesien,2025-10-11,7,431.52
Jesien,2025-10-11,8,454.84
Jesien,2025-10-11,9,445.91
Jesien,2025-10-11,10,432.53
Jesien,2025-10-11,11,414.14
Jesien,2025-10-11,12,410.38
Jesien,2025-10-11,13,411.61
Jesien,2025-10-11,14,428.83
Jesien,2025-10-11,15,435.95
Jesien,2025-10-11,16,491.1
Jesien,2025-10-11,17,521.56
Jesien,2025-10-11,18,555.97
Jesien,2025-10-11,19,569.79
Jesien,2025-10-11,20,517.92
Jesien,2025-10-11,21,488.33
Jesien,2025-10-11,22,463.01
Jesien,2025-10-11,23,426.22
Jesien,2025-10-12,0,417.68
Jesien,2025-10-12,1,397.08
Jesien,2025-10-12,2,381.58
Jesien,2025-10-12,3,373.98
Jesien,2025-10-12,4,371.62
Jesien,2025-10-12,5,370.05
Jesien,2025-10-12,6,360.9
Jesien,2025-10-12,7,380.56
Jesien,2025-10-12,8,393.1
Jesien,2025-10-12,9,379.51
Jesien,2025-10-12,10,377.03
Jesien,2025-10-12,11,368.1
Jesien,2025-10-12,12,371.1
Jesien,2025-10-12,13,381.69
Jesien,2025-10-12,14,384.88
Jesien,2025-10-12,15,398.02
Jesien,2025-10-12,16,445.05
Jesien,2025-10-12,17,479.57
Jesien,2025-10-12,18,507.11
Jesien,2025-10-12,19,543.54
Jesien,2025-10-12,20,506.32
Jesien,2025-10-12,21,488.46
Jesien,2025-10-12,22,477.04
Jesien,2025-10-12,23,436.31
Jesien,2025-10-13,0,435.01
Jesien,2025-10-13,1,437.97
Jesien,2025-10-13,2,435.26
Jesien,2025-10-13,3,433.49
Jesien,2025-10-13,4,427.31
Jesien,2025-10-13,5,446.14
Jesien,2025-10-13,6,589.74
Jesien,2025-10-13,7,923.49
Jesien,2025-10-13,8,855.09
Jesien,2025-10-13,9,603.56
Jesien,2025-10-13,10,482.75
Jesien,2025-10-13,11,429.48
Jesien,2025-10-13,12,391.34
Jesien,2025-10-13,13,384.73
Jesien,2025-10-13,14,391.3
Jesien,2025-10-13,15,437.65
Jesien,2025-10-13,16,492.36
Jesien,2025-10-13,17,721.6
Jesien,2025-10-13,18,999.91
Jesien,2025-10-13,19,1010.81
Jesien,2025-10-13,20,656.78
Jesien,2025-10-13,21,527.83
Jesien,2025-10-13,22,497.13
Jesien,2025-10-13,23,462.76
Jesien,2025-10-14,0,471.79
Jesien,2025-10-14,1,458.1
Jesien,2025-10-14,2,460.5
Jesien,2025-10-14,3,459.91
Jesien,2025-10-14,4,457.34
Jesien,2025-10-14,5,464.04
Jesien,2025-10-14,6,585.43
Jesien,2025-10-14,7,845.38
Jesien,2025-10-14,8,856.54
Jesien,2025-10-14,9,673.23
Jesien,2025-10-14,10,549.86
Jesien,2025-10-14,11,500.3
Jesien,2025-10-14,12,476.44
Jesien,2025-10-14,13,474.04
Jesien,2025-10-14,14,504.26
Jesien,2025-10-14,15,577.49
Jesien,2025-10-14,16,754.66
Jesien,2025-10-14,17,941.74
Jesien,2025-10-14,18,1454.32
Jesien,2025-10-14,19,1566.65
Jesien,2025-10-14,20,947.08
Jesien,2025-10-14,21,650.7
Jesien,2025-10-14,22,549.27
Jesien,2025-10-14,23,491.7
Jesien,2025-10-15,0,486.29
Jesien,2025-10-15,1,469.31
Jesien,2025-10-15,2,466.76
Jesien,2025-10-15,3,460.32
Jesien,2025-10-15,4,462.33
Jesien,2025-10-15,5,481.1
Jesien,2025-10-15,6,682.3
Jesien,2025-10-15,7,1211.58
Jesien,2025-10-15,8,1131.24
Jesien,2025-10-15,9,771.69
Jesien,2025-10-15,10,582.19
Jesien,2025-10-15,11,529.31
Jesien,2025-10-15,12,484.94
Jesien,2025-10-15,13,476.06
Jesien,2025-10-15,14,515.54
Jesien,2025-10-15,15,534.95
Jesien,2025-10-15,16,632.65
Jesien,2025-10-15,17,771.98
Jesien,2025-10-15,18,997.74
Jesien,2025-10-15,19,1059.43
Jesien,2025-10-15,20,682.09
Jesien,2025-10-15,21,498.94
Jesien,2025-10-15,22,468.19
Jesien,2025-10-15,23,451.93
Jesien,2025-10-16,0,454.07
Jesien,2025-10-16,1,450.41
Jesien,2025-10-16,2,451.13
Jesien,2025-10-16,3,450.65
Jesien,2025-10-16,4,449.31
Jesien,2025-10-16,5,445.24
Jesien,2025-10-16,6,510.44
Jesien,2025-10-16,7,545.87
Jesien,2025-10-16,8,579.99
Jesien,2025-10-16,9,510.31
Jesien,2025-10-16,10,445.06
Jesien,2025-10-16,11,417.58
Jesien,2025-10-16,12,417.69
Jesien,2025-10-16,13,431.87
Jesien,2025-10-16,14,452.82
Jesien,2025-10-16,15,477.42
Jesien,2025-10-16,16,514.88
Jesien,2025-10-16,17,557.96
Jesien,2025-10-16,18,638.62
Jesien,2025-10-16,19,649.11
Jesien,2025-10-16,20,528.46
Jesien,2025-10-16,21,470.49
Jesien,2025-10-16,22,449.16
Jesien,2025-10-16,23,445.26
Jesien,2025-10-17,0,446.19
Jesien,2025-10-17,1,450.7
Jesien,2025-10-17,2,448.8
Jesien,2025-10-17,3,446.0
Jesien,2025-10-17,4,462.21
Jesien,2025-10-17,5,435.18
Jesien,2025-10-17,6,505.38
Jesien,2025-10-17,7,648.53
Jesien,2025-10-17,8,652.7
Jesien,2025-10-17,9,563.49
Jesien,2025-10-17,10,488.43
Jesien,2025-10-17,11,443.47
Jesien,2025-10-17,12,438.61
Jesien,2025-10-17,13,432.97
Jesien,2025-10-17,14,433.84
Jesien,2025-10-17,15,457.08
Jesien,2025-10-17,16,536.09
Jesien,2025-10-17,17,612.8
Jesien,2025-10-17,18,669.47
Jesien,2025-10-17,19,670.45
Jesien,2025-10-17,20,547.16
Jesien,2025-10-17,21,461.94
Jesien,2025-10-17,22,440.93
Jesien,2025-10-17,23,437.35
Jesien,2025-10-18,0,418.11
Jesien,2025-10-18,1,388.31
Jesien,2025-10-18,2,375.9
Jesien,2025-10-18,3,369.15
Jesien,2025-10-18,4,377.56
Jesien,2025-10-18,5,374.38
Jesien,2025-10-18,6,385.7
Jesien,2025-10-18,7,438.13
Jesien,2025-10-18,8,450.22
Jesien,2025-10-18,9,400.74
Jesien,2025-10-18,10,361.12
Jesien,2025-10-18,11,327.32
Jesien,2025-10-18,12,296.17
Jesien,2025-10-18,13,290.01
Jesien,2025-10-18,14,300.53
Jesien,2025-10-18,15,373.56
Jesien,2025-10-18,16,447.42
Jesien,2025-10-18,17,541.99
Jesien,2025-10-18,18,621.09
Jesien,2025-10-18,19,611.47
Jesien,2025-10-18,20,484.09
Jesien,2025-10-18,21,444.88
Jesien,2025-10-18,22,435.29
Jesien,2025-10-18,23,420.44
Jesien,2025-10-19,0,455.96
Jesien,2025-10-19,1,421.61
Jesien,2025-10-19,2,417.57
Jesien,2025-10-19,3,418.92
Jesien,2025-10-19,4,432.4
Jesien,2025-10-19,5,456.29
Jesien,2025-10-19,6,446.88
Jesien,2025-10-19,7,441.1
Jesien,2025-10-19,8,441.55
Jesien,2025-10-19,9,407.74
Jesien,2025-10-19,10,361.16
Jesien,2025-10-19,11,285.46
Jesien,2025-10-19,12,190.86
Jesien,2025-10-19,13,187.23
Jesien,2025-10-19,14,273.16
Jesien,2025-10-19,15,378.46
Jesien,2025-10-19,16,482.23
Jesien,2025-10-19,17,610.16
Jesien,2025-10-19,18,657.71
Jesien,2025-10-19,19,655.83
Jesien,2025-10-19,20,534.96
Jesien,2025-10-19,21,480.54
Jesien,2025-10-19,22,446.65
Jesien,2025-10-19,23,421.26
Jesien,2025-10-20,0,406.22
Jesien,2025-10-20,1,400.86
Jesien,2025-10-20,2,395.96
Jesien,2025-10-20,3,389.06
Jesien,2025-10-20,4,385.08
Jesien,2025-10-20,5,418.71
Jesien,2025-10-20,6,500.33
Jesien,2025-10-20,7,805.46
Jesien,2025-10-20,8,477.23
Jesien,2025-10-20,9,386.3
Jesien,2025-10-20,10,248.21
Jesien,2025-10-20,11,217.89
Jesien,2025-10-20,12,111.56
Jesien,2025-10-20,13,122.38
Jesien,2025-10-20,14,258.01
Jesien,2025-10-20,15,388.87
Jesien,2025-10-20,16,449.74
Jesien,2025-10-20,17,542.73
Jesien,2025-10-20,18,541.42
Jesien,2025-10-20,19,538.04
Jesien,2025-10-20,20,431.16
Jesien,2025-10-20,21,374.95
Jesien,2025-10-20,22,415.5
Jesien,2025-10-20,23,329.47
Jesien,2025-10-21,0,285.67
Jesien,2025-10-21,1,229.86
Jesien,2025-10-21,2,216.06
Jesien,2025-10-21,3,207.14
Jesien,2025-10-21,4,233.69
Jesien,2025-10-21,5,367.4
Jesien,2025-10-21,6,463.23
Jesien,2025-10-21,7,461.82
Jesien,2025-10-21,8,434.99
Jesien,2025-10-21,9,380.22
Jesien,2025-10-21,10,280.49
Jesien,2025-10-21,11,239.0
Jesien,2025-10-21,12,207.9
Jesien,2025-10-21,13,187.64
Jesien,2025-10-21,14,286.95
Jesien,2025-10-21,15,404.55
Jesien,2025-10-21,16,459.68
Jesien,2025-10-21,17,556.22
Jesien,2025-10-21,18,557.66
Jesien,2025-10-21,19,532.11
Jesien,2025-10-21,20,461.45
Jesien,2025-10-21,21,421.78
Jesien,2025-10-21,22,470.99
Jesien,2025-10-21,23,401.38
Jesien,2025-10-22,0,398.71
Jesien,2025-10-22,1,398.24
Jesien,2025-10-22,2,402.62
Jesien,2025-10-22,3,419.58
Jesien,2025-10-22,4,412.47
Jesien,2025-10-22,5,449.83
Jesien,2025-10-22,6,499.86
Jesien,2025-10-22,7,695.07
Jesien,2025-10-22,8,616.45
Jesien,2025-10-22,9,539.05
Jesien,2025-10-22,10,476.02
Jesien,2025-10-22,11,452.31
Jesien,2025-10-22,12,440.61
Jesien,2025-10-22,13,449.66
Jesien,2025-10-22,14,459.54
Jesien,2025-10-22,15,510.47
Jesien,2025-10-22,16,655.68
Jesien,2025-10-22,17,862.53
Jesien,2025-10-22,18,1128.4
Jesien,2025-10-22,19,1093.01
Jesien,2025-10-22,20,768.54
Jesien,2025-10-22,21,589.81
Jesien,2025-10-22,22,514.21
Jesien,2025-10-22,23,464.74
Jesien,2025-10-23,0,460.33
Jesien,2025-10-23,1,454.68
Jesien,2025-10-23,2,476.88
Jesien,2025-10-23,3,453.24
Jesien,2025-10-23,4,450.95
Jesien,2025-10-23,5,450.94
Jesien,2025-10-23,6,665.89
Jesien,2025-10-23,7,759.9
Jesien,2025-10-23,8,607.99
Jesien,2025-10-23,9,437.37
Jesien,2025-10-23,10,406.26
Jesien,2025-10-23,11,364.02
Jesien,2025-10-23,12,341.49
Jesien,2025-10-23,13,372.57
Jesien,2025-10-23,14,415.11
Jesien,2025-10-23,15,439.65
Jesien,2025-10-23,16,487.49
Jesien,2025-10-23,17,563.68
Jesien,2025-10-23,18,554.04
Jesien,2025-10-23,19,552.43
Jesien,2025-10-23,20,488.18
Jesien,2025-10-23,21,452.94
Jesien,2025-10-23,22,477.57
Jesien,2025-10-23,23,455.3
Jesien,2025-10-24,0,439.05
Jesien,2025-10-24,1,408.3
Jesien,2025-10-24,2,399.06
Jesien,2025-10-24,3,393.93
Jesien,2025-10-24,4,414.93
Jesien,2025-10-24,5,431.18
Jesien,2025-10-24,6,484.64
Jesien,2025-10-24,7,658.82
Jesien,2025-10-24,8,698.96
Jesien,2025-10-24,9,582.0
Jesien,2025-10-24,10,462.21
Jesien,2025-10-24,11,458.34
Jesien,2025-10-24,12,459.04
Jesien,2025-10-24,13,493.69
Jesien,2025-10-24,14,482.8
Jesien,2025-10-24,15,440.67
Jesien,2025-10-24,16,485.68
Jesien,2025-10-24,17,595.69
Jesien,2025-10-24,18,546.53
Jesien,2025-10-24,19,481.64
Jesien,2025-10-24,20,405.81
Jesien,2025-10-24,21,351.1
Jesien,2025-10-24,22,351.98
Jesien,2025-10-24,23,281.07
Jesien,2025-10-25,0,353.9
Jesien,2025-10-25,1,282.2
Jesien,2025-10-25,2,221.34
Jesien,2025-10-25,3,232.46
Jesien,2025-10-25,4,298.32
Jesien,2025-10-25,5,327.65
Jesien,2025-10-25,6,437.65
Jesien,2025-10-25,7,491.59
Jesien,2025-10-25,8,463.95
Jesien,2025-10-25,9,398.21
Jesien,2025-10-25,10,269.62
Jesien,2025-10-25,11,87.1
Jesien,2025-10-25,12,52.8
Jesien,2025-10-25,13,165.32
Jesien,2025-10-25,14,339.74
Jesien,2025-10-25,15,432.28
Jesien,2025-10-25,16,516.1
Jesien,2025-10-25,17,505.28
Jesien,2025-10-25,18,527.35
Jesien,2025-10-25,19,474.6
Jesien,2025-10-25,20,433.75
Jesien,2025-10-25,21,445.57
Jesien,2025-10-25,22,411.24
Jesien,2025-10-25,23,341.86
Jesien,2025-10-26,0,221.68
Jesien,2025-10-26,1,71.84
Jesien,2025-10-26,2,50.52
Jesien,2025-10-26,3,41.72
Jesien,2025-10-26,4,36.32
Jesien,2025-10-26,5,52.53
Jesien,2025-10-26,6,90.97
Jesien,2025-10-26,7,81.66
Jesien,2025-10-26,8,36.62
Jesien,2025-10-26,9,35.12
Jesien,2025-10-26,10,17.97
Jesien,2025-10-26,11,9.56
Jesien,2025-10-26,12,7.36
Jesien,2025-10-26,13,10.24
Jesien,2025-10-26,14,136.78
Jesien,2025-10-26,15,380.92
Jesien,2025-10-26,16,428.38
Jesien,2025-10-26,17,437.27
Jesien,2025-10-26,18,417.73
Jesien,2025-10-26,19,401.8
Jesien,2025-10-26,20,375.09
Jesien,2025-10-26,21,377.48
Jesien,2025-10-26,22,291.91
Jesien,2025-10-26,23,72.42
Jesien,2025-10-27,0,46.89
Jesien,2025-10-27,1,32.73
Jesien,2025-10-27,2,27.4
Jesien,2025-10-27,3,26.74
Jesien,2025-10-27,4,51.44
Jesien,2025-10-27,5,120.38
Jesien,2025-10-27,6,390.33
Jesien,2025-10-27,7,439.59
Jesien,2025-10-27,8,425.21
Jesien,2025-10-27,9,398.43
Jesien,2025-10-27,10,387.34
Jesien,2025-10-27,11,407.74
Jesien,2025-10-27,12,428.64
Jesien,2025-10-27,13,416.67
Jesien,2025-10-27,14,449.2
Jesien,2025-10-27,15,578.89
Jesien,2025-10-27,16,741.93
Jesien,2025-10-27,17,833.89
Jesien,2025-10-27,18,663.78
Jesien,2025-10-27,19,636.35
Jesien,2025-10-27,20,486.58
Jesien,2025-10-27,21,423.25
Jesien,2025-10-27,22,424.91
Jesien,2025-10-27,23,405.74
Jesien,2025-10-28,0,339.15
Jesien,2025-10-28,1,250.85
Jesien,2025-10-28,2,188.2
Jesien,2025-10-28,3,153.9
Jesien,2025-10-28,4,169.6
Jesien,2025-10-28,5,234.36
Jesien,2025-10-28,6,425.15
Jesien,2025-10-28,7,449.98
Jesien,2025-10-28,8,445.33
Jesien,2025-10-28,9,408.79
Jesien,2025-10-28,10,362.08
Jesien,2025-10-28,11,367.52
Jesien,2025-10-28,12,415.2
Jesien,2025-10-28,13,441.83
Jesien,2025-10-28,14,473.93
Jesien,2025-10-28,15,524.87
Jesien,2025-10-28,16,599.27
Jesien,2025-10-28,17,613.94
Jesien,2025-10-28,18,549.01
Jesien,2025-10-28,19,488.89
Jesien,2025-10-28,20,431.88
Jesien,2025-10-28,21,401.66
Jesien,2025-10-28,22,429.56
Jesien,2025-10-28,23,383.95
Jesien,2025-10-29,0,286.71
Jesien,2025-10-29,1,249.57
Jesien,2025-10-29,2,238.36
Jesien,2025-10-29,3,244.52
Jesien,2025-10-29,4,268.74
Jesien,2025-10-29,5,326.27
Jesien,2025-10-29,6,438.71
Jesien,2025-10-29,7,453.66
Jesien,2025-10-29,8,440.69
Jesien,2025-10-29,9,372.15
Jesien,2025-10-29,10,321.59
Jesien,2025-10-29,11,311.62
Jesien,2025-10-29,12,317.12
Jesien,2025-10-29,13,380.8
Jesien,2025-10-29,14,447.32
Jesien,2025-10-29,15,538.79
Jesien,2025-10-29,16,730.07
Jesien,2025-10-29,17,857.18
Jesien,2025-10-29,18,687.18
Jesien,2025-10-29,19,642.37
Jesien,2025-10-29,20,556.57
Jesien,2025-10-29,21,440.4
Jesien,2025-10-29,22,450.84
Jesien,2025-10-29,23,429.85
Jesien,2025-10-30,0,382.02
Jesien,2025-10-30,1,336.16
Jesien,2025-10-30,2,299.79
Jesien,2025-10-30,3,284.65
Jesien,2025-10-30,4,295.24
Jesien,2025-10-30,5,362.54
Jesien,2025-10-30,6,465.41
Jesien,2025-10-30,7,453.3
Jesien,2025-10-30,8,434.67
Jesien,2025-10-30,9,423.81
Jesien,2025-10-30,10,393.05
Jesien,2025-10-30,11,392.55
Jesien,2025-10-30,12,385.76
Jesien,2025-10-30,13,389.01
Jesien,2025-10-30,14,403.28
Jesien,2025-10-30,15,425.24
Jesien,2025-10-30,16,454.93
Jesien,2025-10-30,17,489.64
Jesien,2025-10-30,18,467.63
Jesien,2025-10-30,19,462.04
Jesien,2025-10-30,20,421.4
Jesien,2025-10-30,21,394.52
Jesien,2025-10-30,22,383.32
Jesien,2025-10-30,23,336.09
